timestamp_utc,open,high,low,close,volume,close_5m_later
2017-08-17 04:00:00+00:00,4261.48,4261.48,4261.48,4261.48,1.775183,4261.48
2017-08-17 04:01:00+00:00,4261.48,4261.48,4261.48,4261.48,0.0,4261.48
2017-08-17 04:02:00+00:00,4280.56,4280.56,4280.56,4280.56,0.261074,4261.48
2017-08-17 04:03:00+00:00,4261.48,4261.48,4261.48,4261.48,0.012008,4261.48
2017-08-17 04:04:00+00:00,4261.48,4261.48,4261.48,4261.48,0.140796,4261.48
2017-08-17 04:05:00+00:00,4261.48,4261.48,4261.48,4261.48,0.0,4261.48
2017-08-17 04:06:00+00:00,4261.48,4261.48,4261.48,4261.48,0.0,4261.48
2017-08-17 04:07:00+00:00,4261.48,4261.48,4261.48,4261.48,0.0,4261.48
2017-08-17 04:08:00+00:00,4261.48,4261.48,4261.48,4261.48,0.0,4261.48
2017-08-17 04:09:00+00:00,4261.48,4261.48,4261.48,4261.48,0.0,4261.48
2017-08-17 04:10:00+00:00,4261.48,4261.48,4261.48,4261.48,0.0,4261.48
2017-08-17 04:11:00+00:00,4261.48,4261.48,4261.48,4261.48,0.0,4261.48
2017-08-17 04:12:00+00:00,4261.48,4261.48,4261.48,4261.48,0.0,4264.88
2017-08-17 04:13:00+00:00,4261.48,4261.48,4261.48,4261.48,0.0,4264.88
2017-08-17 04:14:00+00:00,4261.48,4261.48,4261.48,4261.48,0.0,4261.48
2017-08-17 04:15:00+00:00,4261.48,4261.48,4261.48,4261.48,0.0,4264.88
2017-08-17 04:16:00+00:00,4261.48,4261.48,4261.48,4261.48,0.0,4266.29
2017-08-17 04:17:00+00:00,4261.48,4264.88,4261.48,4264.88,0.075455,4266.29
2017-08-17 04:18:00+00:00,4264.88,4264.88,4264.88,4264.88,0.0,4266.29
2017-08-17 04:19:00+00:00,4261.48,4261.48,4261.48,4261.48,0.409211,4266.29
2017-08-17 04:20:00+00:00,4264.88,4264.88,4264.88,4264.88,1.483014,4266.29
2017-08-17 04:21:00+00:00,4264.88,4266.29,4264.88,4266.29,0.845556,4266.29
2017-08-17 04:22:00+00:00,4266.29,4266.29,4266.29,4266.29,0.0,4266.29
2017-08-17 04:23:00+00:00,4266.29,4266.29,4266.29,4266.29,0.0,4266.29
2017-08-17 04:24:00+00:00,4266.29,4266.29,4266.29,4266.29,0.0,4261.45
2017-08-17 04:25:00+00:00,4266.29,4266.29,4266.29,4266.29,0.467435,4280.0
2017-08-17 04:26:00+00:00,4266.29,4266.29,4266.29,4266.29,0.0,4274.67
2017-08-17 04:27:00+00:00,4266.29,4266.29,4266.29,4266.29,0.405513,4274.67
2017-08-17 04:28:00+00:00,4266.29,4266.29,4261.32,4266.29,2.963132,4267.99
2017-08-17 04:29:00+00:00,4270.41,4270.41,4261.45,4261.45,2.470549,4296.63
2017-08-17 04:30:00+00:00,4280.0,4280.56,4274.67,4280.0,1.696723,4300.38
2017-08-17 04:31:00+00:00,4274.67,4274.67,4274.67,4274.67,0.459109,4300.38
2017-08-17 04:32:00+00:00,4274.67,4274.67,4274.67,4274.67,0.702048,4300.38
2017-08-17 04:33:00+00:00,4267.99,4267.99,4267.99,4267.99,4.127747,4300.38
2017-08-17 04:34:00+00:00,4296.63,4296.63,4296.63,4296.63,0.952506,4300.38
2017-08-17 04:35:00+00:00,4300.38,4300.38,4300.38,4300.38,1.038218,4300.38
2017-08-17 04:36:00+00:00,4300.38,4300.38,4300.38,4300.38,0.0,4300.38
2017-08-17 04:37:00+00:00,4300.38,4300.38,4300.38,4300.38,0.64729,4300.38
2017-08-17 04:38:00+00:00,4300.38,4300.38,4300.38,4300.38,0.630048,4310.07
2017-08-17 04:39:00+00:00,4300.38,4300.38,4300.38,4300.38,3.31104,4310.07
2017-08-17 04:40:00+00:00,4300.38,4300.38,4300.38,4300.38,1.728714,4310.07
2017-08-17 04:41:00+00:00,4300.38,4300.38,4300.38,4300.38,0.945344,4310.07
2017-08-17 04:42:00+00:00,4300.38,4300.38,4300.38,4300.38,0.624984,4310.07
2017-08-17 04:43:00+00:00,4300.38,4310.07,4300.38,4310.07,0.979833,4310.07
2017-08-17 04:44:00+00:00,4301.03,4310.07,4301.03,4310.07,4.079948,4292.01
2017-08-17 04:45:00+00:00,4310.07,4310.07,4310.07,4310.07,0.129749,4310.07
2017-08-17 04:46:00+00:00,4310.07,4310.07,4310.07,4310.07,0.698374,4313.62
2017-08-17 04:47:00+00:00,4310.07,4310.07,4310.07,4310.07,0.292919,4313.6
2017-08-17 04:48:00+00:00,4310.07,4310.07,4310.07,4310.07,0.235205,4313.6
2017-08-17 04:49:00+00:00,4310.07,4310.07,4292.01,4292.01,1.091853,4313.6
2017-08-17 04:50:00+00:00,4292.01,4310.07,4292.01,4310.07,1.24766,4291.37
2017-08-17 04:51:00+00:00,4301.39,4313.62,4301.39,4313.62,0.611023,4313.6
2017-08-17 04:52:00+00:00,4313.61,4313.62,4313.6,4313.6,2.011601,4308.83
2017-08-17 04:53:00+00:00,4313.61,4313.61,4313.6,4313.6,0.563374,4308.83
2017-08-17 04:54:00+00:00,4313.6,4313.6,4313.6,4313.6,0.325225,4308.83
2017-08-17 04:55:00+00:00,4302.48,4313.6,4291.37,4291.37,4.635124,4308.83
2017-08-17 04:56:00+00:00,4313.6,4313.6,4313.6,4313.6,0.213562,4308.83
2017-08-17 04:57:00+00:00,4313.62,4313.62,4308.83,4308.83,1.332596,4308.83
2017-08-17 04:58:00+00:00,4308.83,4308.83,4308.83,4308.83,0.0,4308.83
2017-08-17 04:59:00+00:00,4308.83,4308.83,4308.83,4308.83,0.560266,4304.31
2017-08-17 05:00:00+00:00,4308.83,4308.83,4308.83,4308.83,0.0,4328.69
2017-08-17 05:01:00+00:00,4308.83,4308.83,4308.83,4308.83,0.136105,4328.69
2017-08-17 05:02:00+00:00,4308.83,4308.83,4308.83,4308.83,0.0,4328.69
2017-08-17 05:03:00+00:00,4308.83,4308.83,4308.83,4308.83,0.21717,4328.69
2017-08-17 05:04:00+00:00,4308.83,4308.83,4304.31,4304.31,0.12958,4328.69
2017-08-17 05:05:00+00:00,4308.83,4328.69,4308.83,4328.69,3.256981,4328.69
2017-08-17 05:06:00+00:00,4328.69,4328.69,4328.69,4328.69,0.512132,4328.69
2017-08-17 05:07:00+00:00,4328.69,4328.69,4328.69,4328.69,0.342269,4320.0
2017-08-17 05:08:00+00:00,4328.69,4328.69,4328.69,4328.69,0.152537,4304.31
2017-08-17 05:09:00+00:00,4328.69,4328.69,4328.69,4328.69,0.010853,4304.31
2017-08-17 05:10:00+00:00,4328.69,4328.69,4328.69,4328.69,0.155944,4320.0
2017-08-17 05:11:00+00:00,4328.69,4328.69,4328.69,4328.69,0.0,4319.99
2017-08-17 05:12:00+00:00,4320.0,4320.0,4320.0,4320.0,0.064332,4319.99
2017-08-17 05:13:00+00:00,4320.0,4320.0,4304.31,4304.31,0.12325,4320.0
2017-08-17 05:14:00+00:00,4304.31,4304.31,4304.31,4304.31,0.0,4320.0
2017-08-17 05:15:00+00:00,4320.0,4320.0,4320.0,4320.0,0.63019,4320.0
2017-08-17 05:16:00+00:00,4312.14,4319.99,4312.14,4319.99,4.193217,4320.0
2017-08-17 05:17:00+00:00,4319.99,4319.99,4319.99,4319.99,0.0,4320.0
2017-08-17 05:18:00+00:00,4320.0,4320.0,4320.0,4320.0,0.083587,4320.0
2017-08-17 05:19:00+00:00,4320.0,4320.0,4320.0,4320.0,0.544539,4320.0
2017-08-17 05:20:00+00:00,4320.0,4320.0,4320.0,4320.0,0.956569,4319.22
2017-08-17 05:21:00+00:00,4320.0,4320.0,4320.0,4320.0,0.0,4320.0
2017-08-17 05:22:00+00:00,4320.0,4320.0,4320.0,4320.0,0.241428,4320.0
2017-08-17 05:23:00+00:00,4320.0,4320.0,4320.0,4320.0,0.062136,4320.0
2017-08-17 05:24:00+00:00,4320.0,4320.0,4320.0,4320.0,2.18634,4320.0
2017-08-17 05:25:00+00:00,4319.22,4319.22,4319.22,4319.22,4.112028,4320.0
2017-08-17 05:26:00+00:00,4320.0,4320.0,4320.0,4320.0,2.081048,4320.0
2017-08-17 05:27:00+00:00,4320.0,4320.0,4320.0,4320.0,0.06254,4320.0
2017-08-17 05:28:00+00:00,4320.0,4320.0,4320.0,4320.0,0.0,4320.0
2017-08-17 05:29:00+00:00,4320.0,4320.0,4320.0,4320.0,0.793873,4320.0
2017-08-17 05:30:00+00:00,4320.0,4320.0,4320.0,4320.0,0.179009,4320.0
2017-08-17 05:31:00+00:00,4320.0,4320.0,4320.0,4320.0,0.590538,4320.0
2017-08-17 05:32:00+00:00,4320.0,4320.0,4320.0,4320.0,0.048053,4320.0
2017-08-17 05:33:00+00:00,4320.0,4320.0,4320.0,4320.0,0.030719,4320.0
2017-08-17 05:34:00+00:00,4320.0,4320.0,4320.0,4320.0,0.179059,4291.37
2017-08-17 05:35:00+00:00,4320.0,4320.0,4320.0,4320.0,0.501599,4291.37
2017-08-17 05:36:00+00:00,4320.0,4320.0,4320.0,4320.0,0.019386,4291.37
2017-08-17 05:37:00+00:00,4320.0,4320.0,4320.0,4320.0,0.373933,4291.37
2017-08-17 05:38:00+00:00,4320.0,4320.0,4320.0,4320.0,0.09839,4291.37
2017-08-17 05:39:00+00:00,4291.37,4291.37,4291.37,4291.37,0.134767,4291.37
2017-08-17 05:40:00+00:00,4291.37,4291.37,4291.37,4291.37,0.0,4297.04
2017-08-17 05:41:00+00:00,4291.37,4291.37,4291.37,4291.37,0.0,4297.04
2017-08-17 05:42:00+00:00,4291.37,4291.37,4291.37,4291.37,0.0,4297.04
2017-08-17 05:43:00+00:00,4291.37,4291.37,4291.37,4291.37,0.0,4297.04
2017-08-17 05:44:00+00:00,4291.37,4291.37,4291.37,4291.37,0.0,4297.04
2017-08-17 05:45:00+00:00,4297.04,4297.04,4297.04,4297.04,0.007884,4297.04
2017-08-17 05:46:00+00:00,4297.04,4297.04,4297.04,4297.04,0.0,4297.04
2017-08-17 05:47:00+00:00,4297.04,4297.04,4297.04,4297.04,0.0,4315.32
2017-08-17 05:48:00+00:00,4297.04,4297.04,4297.04,4297.04,0.0,4315.32
2017-08-17 05:49:00+00:00,4297.04,4297.04,4297.04,4297.04,0.0,4315.32
2017-08-17 05:50:00+00:00,4297.04,4297.04,4297.04,4297.04,0.0,4315.32
2017-08-17 05:51:00+00:00,4297.04,4297.04,4297.04,4297.04,0.0,4315.32
2017-08-17 05:52:00+00:00,4315.32,4315.32,4315.32,4315.32,0.000943,4315.32
2017-08-17 05:53:00+00:00,4315.32,4315.32,4315.32,4315.32,0.0,4315.32
2017-08-17 05:54:00+00:00,4315.32,4315.32,4315.32,4315.32,0.0,4315.32
2017-08-17 05:55:00+00:00,4315.32,4315.32,4315.32,4315.32,0.0,4315.32
2017-08-17 05:56:00+00:00,4315.32,4315.32,4315.32,4315.32,0.0,4315.32
2017-08-17 05:57:00+00:00,4315.32,4315.32,4315.32,4315.32,0.021988,4315.32
2017-08-17 05:58:00+00:00,4315.32,4315.32,4315.32,4315.32,0.0,4315.32
2017-08-17 05:59:00+00:00,4315.32,4315.32,4315.32,4315.32,0.0,4330.29
2017-08-17 06:00:00+00:00,4315.32,4315.32,4315.32,4315.32,0.0,4318.39
2017-08-17 06:01:00+00:00,4315.32,4315.32,4315.32,4315.32,0.0,4318.39
2017-08-17 06:02:00+00:00,4315.32,4315.32,4315.32,4315.32,0.0,4318.39
2017-08-17 06:03:00+00:00,4315.32,4315.32,4315.32,4315.32,0.0,4318.39
2017-08-17 06:04:00+00:00,4330.29,4330.29,4330.29,4330.29,0.009339,4318.39
2017-08-17 06:05:00+00:00,4318.39,4318.39,4318.39,4318.39,0.0542,4318.39
2017-08-17 06:06:00+00:00,4318.39,4318.39,4318.39,4318.39,0.0,4330.0
2017-08-17 06:07:00+00:00,4318.39,4318.39,4318.39,4318.39,0.0,4330.0
2017-08-17 06:08:00+00:00,4318.39,4318.39,4318.39,4318.39,0.0,4330.0
2017-08-17 06:09:00+00:00,4318.39,4318.39,4318.39,4318.39,0.0,4330.0
2017-08-17 06:10:00+00:00,4318.39,4318.39,4318.39,4318.39,0.0,4330.0
2017-08-17 06:11:00+00:00,4330.0,4330.0,4330.0,4330.0,0.001825,4330.0
2017-08-17 06:12:00+00:00,4330.0,4330.0,4330.0,4330.0,0.0,4330.0
2017-08-17 06:13:00+00:00,4330.0,4330.0,4330.0,4330.0,0.0,4330.0
2017-08-17 06:14:00+00:00,4330.0,4330.0,4330.0,4330.0,0.0,4330.0
2017-08-17 06:15:00+00:00,4330.0,4330.0,4330.0,4330.0,0.0,4330.0
2017-08-17 06:16:00+00:00,4330.0,4330.0,4330.0,4330.0,0.0,4330.29
2017-08-17 06:17:00+00:00,4330.0,4330.0,4330.0,4330.0,0.0,4330.0
2017-08-17 06:18:00+00:00,4330.0,4330.0,4330.0,4330.0,0.0,4311.58
2017-08-17 06:19:00+00:00,4330.0,4330.0,4330.0,4330.0,0.0,4311.58
2017-08-17 06:20:00+00:00,4309.37,4330.0,4309.37,4330.0,1.708566,4311.58
2017-08-17 06:21:00+00:00,4330.29,4330.29,4330.29,4330.29,0.193164,4311.58
2017-08-17 06:22:00+00:00,4330.0,4330.0,4330.0,4330.0,0.449,4311.01
2017-08-17 06:23:00+00:00,4311.58,4311.58,4311.58,4311.58,0.831346,4311.02
2017-08-17 06:24:00+00:00,4311.58,4311.58,4311.58,4311.58,0.003552,4311.02
2017-08-17 06:25:00+00:00,4311.58,4311.58,4311.58,4311.58,0.054285,4311.02
2017-08-17 06:26:00+00:00,4311.58,4311.58,4311.58,4311.58,0.0,4311.02
2017-08-17 06:27:00+00:00,4311.01,4311.01,4311.01,4311.01,0.001,4328.65
2017-08-17 06:28:00+00:00,4311.02,4311.02,4311.02,4311.02,0.26,4328.65
2017-08-17 06:29:00+00:00,4311.02,4311.02,4311.02,4311.02,0.0,4319.83
2017-08-17 06:30:00+00:00,4311.02,4311.02,4311.02,4311.02,0.0,4345.45
2017-08-17 06:31:00+00:00,4311.02,4311.02,4311.02,4311.02,0.0,4345.45
2017-08-17 06:32:00+00:00,4328.65,4328.65,4328.65,4328.65,0.014785,4331.65
2017-08-17 06:33:00+00:00,4328.65,4328.65,4328.65,4328.65,0.085183,4331.65
2017-08-17 06:34:00+00:00,4325.8,4325.8,4319.83,4319.83,1.112933,4345.45
2017-08-17 06:35:00+00:00,4324.34,4345.45,4324.34,4345.45,0.264959,4345.45
2017-08-17 06:36:00+00:00,4345.45,4345.45,4345.45,4345.45,0.0,4345.45
2017-08-17 06:37:00+00:00,4331.65,4331.65,4331.65,4331.65,0.057069,4345.45
2017-08-17 06:38:00+00:00,4331.65,4331.65,4331.65,4331.65,0.0,4345.45
2017-08-17 06:39:00+00:00,4331.65,4345.45,4331.65,4345.45,1.959247,4345.45
2017-08-17 06:40:00+00:00,4345.45,4345.45,4345.45,4345.45,0.0,4345.45
2017-08-17 06:41:00+00:00,4345.45,4345.45,4345.45,4345.45,0.0,4345.45
2017-08-17 06:42:00+00:00,4345.45,4345.45,4345.45,4345.45,0.0,4345.45
2017-08-17 06:43:00+00:00,4345.45,4345.45,4345.45,4345.45,0.0,4330.12
2017-08-17 06:44:00+00:00,4345.45,4345.45,4345.45,4345.45,0.0,4330.12
2017-08-17 06:45:00+00:00,4345.45,4345.45,4345.45,4345.45,0.089016,4330.12
2017-08-17 06:46:00+00:00,4345.45,4345.45,4345.45,4345.45,0.0,4330.12
2017-08-17 06:47:00+00:00,4345.45,4345.45,4345.45,4345.45,0.0,4330.12
2017-08-17 06:48:00+00:00,4330.12,4330.12,4330.12,4330.12,0.005594,4330.12
2017-08-17 06:49:00+00:00,4330.12,4330.12,4330.12,4330.12,0.0,4330.12
2017-08-17 06:50:00+00:00,4330.12,4330.12,4330.12,4330.12,0.0,4324.35
2017-08-17 06:51:00+00:00,4330.12,4330.12,4330.12,4330.12,0.0,4324.35
2017-08-17 06:52:00+00:00,4330.12,4330.12,4330.12,4330.12,0.00641,4324.35
2017-08-17 06:53:00+00:00,4330.12,4330.12,4330.12,4330.12,0.0,4324.35
2017-08-17 06:54:00+00:00,4330.12,4330.12,4330.12,4330.12,0.0,4324.35
2017-08-17 06:55:00+00:00,4324.35,4324.35,4324.35,4324.35,0.068218,4324.35
2017-08-17 06:56:00+00:00,4324.35,4324.35,4324.35,4324.35,0.0,4324.35
2017-08-17 06:57:00+00:00,4324.35,4324.35,4324.35,4324.35,0.0,4324.35
2017-08-17 06:58:00+00:00,4324.35,4324.35,4324.35,4324.35,0.0,4324.35
2017-08-17 06:59:00+00:00,4324.35,4324.35,4324.35,4324.35,0.0,4324.35
2017-08-17 07:00:00+00:00,4324.35,4324.35,4324.35,4324.35,0.0,4324.35
2017-08-17 07:01:00+00:00,4324.35,4324.35,4324.35,4324.35,0.0,4324.35
2017-08-17 07:02:00+00:00,4324.35,4324.35,4324.35,4324.35,0.0,4324.35
2017-08-17 07:03:00+00:00,4324.35,4324.35,4324.35,4324.35,0.0,4316.62
2017-08-17 07:04:00+00:00,4324.35,4324.35,4324.35,4324.35,0.0,4316.62
2017-08-17 07:05:00+00:00,4324.35,4324.35,4324.35,4324.35,0.0,4316.62
2017-08-17 07:06:00+00:00,4324.35,4324.35,4324.35,4324.35,0.0,4316.62
2017-08-17 07:07:00+00:00,4324.35,4324.35,4324.35,4324.35,0.0,4316.62
2017-08-17 07:08:00+00:00,4316.62,4316.62,4316.62,4316.62,0.001541,4316.62
2017-08-17 07:09:00+00:00,4316.62,4316.62,4316.62,4316.62,0.0,4316.62
2017-08-17 07:10:00+00:00,4316.62,4316.62,4316.62,4316.62,0.0,4316.62
2017-08-17 07:11:00+00:00,4316.62,4316.62,4316.62,4316.62,0.0,4316.62
2017-08-17 07:12:00+00:00,4316.62,4316.62,4316.62,4316.62,0.0,4316.62
2017-08-17 07:13:00+00:00,4316.62,4316.62,4316.62,4316.62,0.0,4316.62
2017-08-17 07:14:00+00:00,4316.62,4316.62,4316.62,4316.62,0.0,4316.62
2017-08-17 07:15:00+00:00,4316.62,4316.62,4316.62,4316.62,0.0,4316.62
2017-08-17 07:16:00+00:00,4316.62,4316.62,4316.62,4316.62,0.0,4316.62
2017-08-17 07:17:00+00:00,4316.62,4316.62,4316.62,4316.62,0.0,4316.62
2017-08-17 07:18:00+00:00,4316.62,4316.62,4316.62,4316.62,0.0,4316.62
2017-08-17 07:19:00+00:00,4316.62,4316.62,4316.62,4316.62,0.0,4316.62
2017-08-17 07:20:00+00:00,4316.62,4316.62,4316.62,4316.62,0.0,4316.62
2017-08-17 07:21:00+00:00,4316.62,4316.62,4316.62,4316.62,0.0,4316.62
2017-08-17 07:22:00+00:00,4316.62,4316.62,4316.62,4316.62,0.0,4316.62
2017-08-17 07:23:00+00:00,4316.62,4316.62,4316.62,4316.62,0.0,4316.62
2017-08-17 07:24:00+00:00,4316.62,4316.62,4316.62,4316.62,0.0,4291.38
2017-08-17 07:25:00+00:00,4316.62,4316.62,4316.62,4316.62,0.0,4291.38
2017-08-17 07:26:00+00:00,4316.62,4316.62,4316.62,4316.62,0.0,4291.38
2017-08-17 07:27:00+00:00,4316.62,4316.62,4316.62,4316.62,0.0,4291.38
2017-08-17 07:28:00+00:00,4316.62,4316.62,4316.62,4316.62,0.0,4291.38
2017-08-17 07:29:00+00:00,4291.38,4291.38,4291.38,4291.38,0.038918,4291.38
2017-08-17 07:30:00+00:00,4291.38,4291.38,4291.38,4291.38,0.0,4291.39
2017-08-17 07:31:00+00:00,4291.38,4291.38,4291.38,4291.38,0.0,4291.39
2017-08-17 07:32:00+00:00,4291.38,4291.38,4291.38,4291.38,0.0,4291.39
2017-08-17 07:33:00+00:00,4291.38,4291.38,4291.38,4291.38,0.0,4291.39
2017-08-17 07:34:00+00:00,4291.38,4291.38,4291.38,4291.38,0.0,4291.39
2017-08-17 07:35:00+00:00,4291.39,4291.39,4291.39,4291.39,0.011431,4291.39
2017-08-17 07:36:00+00:00,4291.39,4291.39,4291.39,4291.39,0.0,4300.0
2017-08-17 07:37:00+00:00,4291.39,4291.39,4291.39,4291.39,0.0,4300.0
2017-08-17 07:38:00+00:00,4291.39,4291.39,4291.39,4291.39,0.0,4300.0
2017-08-17 07:39:00+00:00,4291.39,4291.39,4291.39,4291.39,0.0,4300.0
2017-08-17 07:40:00+00:00,4291.39,4291.39,4291.39,4291.39,0.0,4287.41
2017-08-17 07:41:00+00:00,4300.0,4300.0,4300.0,4300.0,0.011445,4287.41
2017-08-17 07:42:00+00:00,4300.0,4300.0,4300.0,4300.0,0.0,4287.41
2017-08-17 07:43:00+00:00,4300.0,4300.0,4300.0,4300.0,0.688725,4287.41
2017-08-17 07:44:00+00:00,4300.0,4300.0,4300.0,4300.0,0.0073,4287.41
2017-08-17 07:45:00+00:00,4287.41,4287.41,4287.41,4287.41,0.004263,4305.38
2017-08-17 07:46:00+00:00,4287.41,4287.41,4287.41,4287.41,0.0,4316.62
2017-08-17 07:47:00+00:00,4287.41,4287.41,4287.41,4287.41,0.0,4323.34
2017-08-17 07:48:00+00:00,4287.41,4287.41,4287.41,4287.41,0.0,4330.12
2017-08-17 07:49:00+00:00,4287.41,4287.41,4287.41,4287.41,0.0,4323.34
2017-08-17 07:50:00+00:00,4305.38,4305.38,4305.38,4305.38,0.011552,4334.0
2017-08-17 07:51:00+00:00,4316.62,4316.62,4316.62,4316.62,0.229614,4334.0
2017-08-17 07:52:00+00:00,4323.34,4323.34,4323.34,4323.34,0.071,4334.0
2017-08-17 07:53:00+00:00,4330.12,4330.12,4330.12,4330.12,0.003553,4334.0
2017-08-17 07:54:00+00:00,4330.12,4330.12,4323.34,4323.34,0.236673,4349.99
2017-08-17 07:55:00+00:00,4323.34,4334.0,4323.34,4334.0,0.6408,4349.99
2017-08-17 07:56:00+00:00,4334.0,4334.0,4334.0,4334.0,0.3,4349.99
2017-08-17 07:57:00+00:00,4334.0,4334.0,4334.0,4334.0,0.12,4349.99
2017-08-17 07:58:00+00:00,4334.0,4334.0,4334.0,4334.0,0.105623,4349.99
2017-08-17 07:59:00+00:00,4334.0,4349.99,4334.0,4349.99,1.960811,4333.32
2017-08-17 08:00:00+00:00,4333.32,4349.99,4333.32,4349.99,0.144289,4377.85
2017-08-17 08:01:00+00:00,4349.99,4349.99,4349.99,4349.99,0.0,4377.85
2017-08-17 08:02:00+00:00,4349.99,4349.99,4349.99,4349.99,0.284669,4377.85
2017-08-17 08:03:00+00:00,4349.99,4349.99,4349.99,4349.99,0.0356,4360.71
2017-08-17 08:04:00+00:00,4377.85,4377.85,4333.32,4333.32,0.194517,4360.71
2017-08-17 08:05:00+00:00,4377.85,4377.85,4377.85,4377.85,0.08239,4360.71
2017-08-17 08:06:00+00:00,4377.85,4377.85,4377.85,4377.85,0.0,4360.71
2017-08-17 08:07:00+00:00,4377.85,4377.85,4377.85,4377.85,0.0,4360.71
2017-08-17 08:08:00+00:00,4360.71,4360.71,4360.71,4360.71,0.024952,4360.71
2017-08-17 08:09:00+00:00,4360.71,4360.71,4360.71,4360.71,0.0,4360.71
2017-08-17 08:10:00+00:00,4360.71,4360.71,4360.71,4360.71,0.0,4360.71
2017-08-17 08:11:00+00:00,4360.71,4360.71,4360.71,4360.71,0.0,4360.71
2017-08-17 08:12:00+00:00,4360.71,4360.71,4360.71,4360.71,0.0,4360.71
2017-08-17 08:13:00+00:00,4360.71,4360.71,4360.71,4360.71,0.0,4360.71
2017-08-17 08:14:00+00:00,4360.71,4360.71,4360.71,4360.71,0.0,4360.71
2017-08-17 08:15:00+00:00,4360.71,4360.71,4360.71,4360.71,0.0,4360.71
2017-08-17 08:16:00+00:00,4360.71,4360.71,4360.71,4360.71,0.0,4360.71
2017-08-17 08:17:00+00:00,4360.71,4360.71,4360.71,4360.71,0.0,4360.71
2017-08-17 08:18:00+00:00,4360.71,4360.71,4360.71,4360.71,0.0,4360.71
2017-08-17 08:19:00+00:00,4360.71,4360.71,4360.71,4360.71,0.0,4360.71
2017-08-17 08:20:00+00:00,4360.71,4360.71,4360.71,4360.71,0.011481,4360.7
2017-08-17 08:21:00+00:00,4360.71,4360.71,4360.71,4360.71,0.0,4360.7
2017-08-17 08:22:00+00:00,4360.71,4360.71,4360.71,4360.71,0.0,4360.7
2017-08-17 08:23:00+00:00,4360.71,4360.71,4360.71,4360.71,0.0,4360.7
2017-08-17 08:24:00+00:00,4360.71,4360.71,4360.71,4360.71,0.0,4360.7
2017-08-17 08:25:00+00:00,4360.7,4360.7,4360.7,4360.7,0.015748,4360.7
2017-08-17 08:26:00+00:00,4360.7,4360.7,4360.7,4360.7,0.048614,4360.7
2017-08-17 08:27:00+00:00,4360.7,4360.7,4360.7,4360.7,0.0,4360.7
2017-08-17 08:28:00+00:00,4360.7,4360.7,4360.7,4360.7,0.0,4360.7
2017-08-17 08:29:00+00:00,4360.7,4360.7,4360.7,4360.7,0.0,4360.7
2017-08-17 08:30:00+00:00,4360.7,4360.7,4360.7,4360.7,0.0,4360.7
2017-08-17 08:31:00+00:00,4360.7,4360.7,4360.7,4360.7,0.0,4360.7
2017-08-17 08:32:00+00:00,4360.7,4360.7,4360.7,4360.7,0.0,4360.7
2017-08-17 08:33:00+00:00,4360.7,4360.7,4360.7,4360.7,0.0,4360.7
2017-08-17 08:34:00+00:00,4360.7,4360.7,4360.7,4360.7,0.001024,4360.0
2017-08-17 08:35:00+00:00,4360.7,4360.7,4360.7,4360.7,0.0,4360.69
2017-08-17 08:36:00+00:00,4360.7,4360.7,4360.7,4360.7,0.0,4360.69
2017-08-17 08:37:00+00:00,4360.7,4360.7,4360.7,4360.7,0.0,4360.69
2017-08-17 08:38:00+00:00,4360.7,4360.7,4360.7,4360.7,0.0,4360.69
2017-08-17 08:39:00+00:00,4360.0,4360.0,4360.0,4360.0,0.064316,4360.69
2017-08-17 08:40:00+00:00,4360.69,4360.69,4360.69,4360.69,0.008408,4360.69
2017-08-17 08:41:00+00:00,4360.69,4360.69,4360.69,4360.69,0.021468,4360.69
2017-08-17 08:42:00+00:00,4360.69,4360.69,4360.69,4360.69,0.004046,4360.69
2017-08-17 08:43:00+00:00,4360.69,4360.69,4360.69,4360.69,0.0,4360.69
2017-08-17 08:44:00+00:00,4360.69,4360.69,4360.69,4360.69,0.0,4360.7
2017-08-17 08:45:00+00:00,4360.69,4360.69,4360.69,4360.69,0.0,4360.7
2017-08-17 08:46:00+00:00,4360.69,4360.69,4360.69,4360.69,0.0,4360.69
2017-08-17 08:47:00+00:00,4360.69,4360.69,4360.69,4360.69,0.0,4360.69
2017-08-17 08:48:00+00:00,4360.69,4360.69,4360.69,4360.69,0.0,4360.69
2017-08-17 08:49:00+00:00,4360.7,4360.7,4360.7,4360.7,0.008232,4360.69
2017-08-17 08:50:00+00:00,4360.7,4360.7,4360.7,4360.7,0.0,4360.69
2017-08-17 08:51:00+00:00,4360.69,4360.69,4360.69,4360.69,0.023053,4360.69
2017-08-17 08:52:00+00:00,4360.69,4360.69,4360.69,4360.69,0.0,4360.69
2017-08-17 08:53:00+00:00,4360.69,4360.69,4360.69,4360.69,0.0,4360.69
2017-08-17 08:54:00+00:00,4360.69,4360.69,4360.69,4360.69,0.0,4360.69
2017-08-17 08:55:00+00:00,4360.69,4360.69,4360.69,4360.69,0.0,4360.69
2017-08-17 08:56:00+00:00,4360.69,4360.69,4360.69,4360.69,0.0,4360.69
2017-08-17 08:57:00+00:00,4360.69,4360.69,4360.69,4360.69,0.0,4360.69
2017-08-17 08:58:00+00:00,4360.69,4360.69,4360.69,4360.69,0.0,4360.69
2017-08-17 08:59:00+00:00,4360.69,4360.69,4360.69,4360.69,0.0,4360.69
2017-08-17 09:00:00+00:00,4360.69,4360.69,4360.69,4360.69,0.0,4360.69
2017-08-17 09:01:00+00:00,4360.69,4360.69,4360.69,4360.69,0.0,4360.69
2017-08-17 09:02:00+00:00,4360.69,4360.69,4360.69,4360.69,0.0,4360.69
2017-08-17 09:03:00+00:00,4360.69,4360.69,4360.69,4360.69,0.0,4360.69
2017-08-17 09:04:00+00:00,4360.69,4360.69,4360.69,4360.69,0.0,4360.0
2017-08-17 09:05:00+00:00,4360.69,4360.69,4360.69,4360.69,0.0,4360.0
2017-08-17 09:06:00+00:00,4360.69,4360.69,4360.69,4360.69,0.0,4360.0
2017-08-17 09:07:00+00:00,4360.69,4360.69,4360.69,4360.69,0.0,4360.0
2017-08-17 09:08:00+00:00,4360.69,4360.69,4360.69,4360.69,0.0,4360.0
2017-08-17 09:09:00+00:00,4360.0,4360.0,4360.0,4360.0,0.006296,4360.0
2017-08-17 09:10:00+00:00,4360.0,4360.0,4360.0,4360.0,0.0,4360.0
2017-08-17 09:11:00+00:00,4360.0,4360.0,4360.0,4360.0,0.0,4360.0
2017-08-17 09:12:00+00:00,4360.0,4360.0,4360.0,4360.0,0.0,4360.0
2017-08-17 09:13:00+00:00,4360.0,4360.0,4360.0,4360.0,0.0,4360.0
2017-08-17 09:14:00+00:00,4360.0,4360.0,4360.0,4360.0,0.0,4360.0
2017-08-17 09:15:00+00:00,4360.0,4360.0,4360.0,4360.0,0.0,4360.0
2017-08-17 09:16:00+00:00,4360.0,4360.0,4360.0,4360.0,0.0,4360.0
2017-08-17 09:17:00+00:00,4360.0,4360.0,4360.0,4360.0,0.21,4360.0
2017-08-17 09:18:00+00:00,4360.0,4360.0,4360.0,4360.0,0.310001,4360.0
2017-08-17 09:19:00+00:00,4360.0,4360.0,4360.0,4360.0,0.0,4360.0
2017-08-17 09:20:00+00:00,4360.0,4360.0,4360.0,4360.0,0.320002,4360.0
2017-08-17 09:21:00+00:00,4360.0,4360.0,4360.0,4360.0,0.540001,4360.0
2017-08-17 09:22:00+00:00,4360.0,4360.0,4360.0,4360.0,0.0,4360.0
2017-08-17 09:23:00+00:00,4360.0,4360.0,4360.0,4360.0,0.0,4360.0
2017-08-17 09:24:00+00:00,4360.0,4360.0,4360.0,4360.0,0.0,4360.0
2017-08-17 09:25:00+00:00,4360.0,4360.0,4360.0,4360.0,0.0,4377.85
2017-08-17 09:26:00+00:00,4360.0,4360.0,4360.0,4360.0,0.0,4400.0
2017-08-17 09:27:00+00:00,4360.0,4360.0,4360.0,4360.0,0.0,4408.35
2017-08-17 09:28:00+00:00,4360.0,4360.0,4360.0,4360.0,0.0,4408.35
2017-08-17 09:29:00+00:00,4360.0,4360.0,4360.0,4360.0,0.908701,4445.78
2017-08-17 09:30:00+00:00,4360.0,4377.85,4360.0,4377.85,2.499913,4445.78
2017-08-17 09:31:00+00:00,4377.85,4400.0,4377.85,4400.0,1.58607,4445.78
2017-08-17 09:32:00+00:00,4405.44,4408.35,4400.0,4408.35,2.803352,4445.78
2017-08-17 09:33:00+00:00,4408.35,4408.35,4408.35,4408.35,0.834573,4445.78
2017-08-17 09:34:00+00:00,4445.78,4445.78,4445.78,4445.78,0.197755,4445.78
2017-08-17 09:35:00+00:00,4445.78,4445.78,4445.78,4445.78,0.4016,4445.0
2017-08-17 09:36:00+00:00,4445.78,4445.78,4445.78,4445.78,0.0,4436.51
2017-08-17 09:37:00+00:00,4445.78,4445.78,4445.78,4445.78,0.0,4436.51
2017-08-17 09:38:00+00:00,4445.78,4445.78,4445.78,4445.78,0.009597,4436.51
2017-08-17 09:39:00+00:00,4445.78,4445.78,4445.78,4445.78,0.0,4436.51
2017-08-17 09:40:00+00:00,4445.0,4445.0,4445.0,4445.0,0.06674,4436.51
2017-08-17 09:41:00+00:00,4436.51,4436.51,4436.51,4436.51,0.0112,4444.0
2017-08-17 09:42:00+00:00,4436.51,4436.51,4436.51,4436.51,0.0,4444.0
2017-08-17 09:43:00+00:00,4436.51,4436.51,4436.51,4436.51,0.0,4444.0
2017-08-17 09:44:00+00:00,4436.51,4436.51,4436.51,4436.51,0.0,4444.0
2017-08-17 09:45:00+00:00,4436.51,4436.51,4436.51,4436.51,0.0,4444.0
2017-08-17 09:46:00+00:00,4444.0,4444.0,4444.0,4444.0,0.025467,4444.0
2017-08-17 09:47:00+00:00,4444.0,4444.0,4444.0,4444.0,0.016214,4444.0
2017-08-17 09:48:00+00:00,4444.0,4444.0,4444.0,4444.0,0.0,4444.0
2017-08-17 09:49:00+00:00,4444.0,4444.0,4444.0,4444.0,0.0,4444.0
2017-08-17 09:50:00+00:00,4444.0,4444.0,4444.0,4444.0,0.0,4444.0
2017-08-17 09:51:00+00:00,4444.0,4444.0,4444.0,4444.0,0.0,4444.0
2017-08-17 09:52:00+00:00,4444.0,4444.0,4444.0,4444.0,0.0,4444.0
2017-08-17 09:53:00+00:00,4444.0,4444.0,4444.0,4444.0,0.0,4444.0
2017-08-17 09:54:00+00:00,4444.0,4444.0,4444.0,4444.0,0.008156,4444.0
2017-08-17 09:55:00+00:00,4444.0,4444.0,4444.0,4444.0,0.007985,4441.1
2017-08-17 09:56:00+00:00,4444.0,4444.0,4444.0,4444.0,0.0,4441.1
2017-08-17 09:57:00+00:00,4444.0,4444.0,4444.0,4444.0,0.0,4441.1
2017-08-17 09:58:00+00:00,4444.0,4444.0,4444.0,4444.0,0.0,4436.51
2017-08-17 09:59:00+00:00,4444.0,4444.0,4444.0,4444.0,0.0,4436.51
2017-08-17 10:00:00+00:00,4441.1,4441.1,4441.1,4441.1,0.790001,4436.51
2017-08-17 10:01:00+00:00,4441.1,4441.1,4441.1,4441.1,0.0,4400.0
2017-08-17 10:02:00+00:00,4441.1,4441.1,4441.1,4441.1,0.0,4400.0
2017-08-17 10:03:00+00:00,4436.51,4436.51,4436.51,4436.51,0.171696,4400.0
2017-08-17 10:04:00+00:00,4436.51,4436.51,4436.51,4436.51,0.113182,4400.0
2017-08-17 10:05:00+00:00,4436.51,4436.51,4436.51,4436.51,0.0,4400.0
2017-08-17 10:06:00+00:00,4427.13,4427.13,4400.0,4400.0,0.530001,4400.0
2017-08-17 10:07:00+00:00,4400.0,4400.0,4400.0,4400.0,0.003809,4400.0
2017-08-17 10:08:00+00:00,4400.0,4400.0,4400.0,4400.0,0.920409,4400.0
2017-08-17 10:09:00+00:00,4400.0,4400.0,4400.0,4400.0,0.0,4400.0
2017-08-17 10:10:00+00:00,4400.0,4400.0,4400.0,4400.0,0.001767,4400.0
2017-08-17 10:11:00+00:00,4400.0,4400.0,4400.0,4400.0,0.0,4400.0
2017-08-17 10:12:00+00:00,4400.0,4400.0,4400.0,4400.0,0.050193,4400.0
2017-08-17 10:13:00+00:00,4400.0,4400.0,4400.0,4400.0,1.90398,4400.0
2017-08-17 10:14:00+00:00,4399.81,4400.0,4399.81,4400.0,0.174642,4400.0
2017-08-17 10:15:00+00:00,4400.0,4400.0,4400.0,4400.0,0.0,4443.0
2017-08-17 10:16:00+00:00,4400.0,4400.0,4400.0,4400.0,0.0,4440.0
2017-08-17 10:17:00+00:00,4400.0,4400.0,4400.0,4400.0,0.0,4440.0
2017-08-17 10:18:00+00:00,4400.0,4400.0,4400.0,4400.0,0.353101,4440.0
2017-08-17 10:19:00+00:00,4400.0,4400.0,4400.0,4400.0,0.0,4440.0
2017-08-17 10:20:00+00:00,4443.0,4443.0,4443.0,4443.0,0.06403,4440.0
2017-08-17 10:21:00+00:00,4420.0,4440.0,4420.0,4440.0,0.06732,4440.0
2017-08-17 10:22:00+00:00,4440.0,4440.0,4440.0,4440.0,0.1302,4440.0
2017-08-17 10:23:00+00:00,4440.0,4440.0,4440.0,4440.0,0.0,4440.0
2017-08-17 10:24:00+00:00,4440.0,4440.0,4440.0,4440.0,0.0,4440.0
2017-08-17 10:25:00+00:00,4440.0,4440.0,4440.0,4440.0,0.0,4440.0
2017-08-17 10:26:00+00:00,4440.0,4440.0,4440.0,4440.0,0.0,4440.0
2017-08-17 10:27:00+00:00,4440.0,4440.0,4440.0,4440.0,0.0,4440.0
2017-08-17 10:28:00+00:00,4440.0,4440.0,4440.0,4440.0,0.0,4440.0
2017-08-17 10:29:00+00:00,4440.0,4440.0,4440.0,4440.0,0.0,4440.0
2017-08-17 10:30:00+00:00,4440.0,4440.0,4440.0,4440.0,0.0,4400.0
2017-08-17 10:31:00+00:00,4440.0,4440.0,4440.0,4440.0,0.0,4419.0
2017-08-17 10:32:00+00:00,4440.0,4440.0,4440.0,4440.0,0.0,4419.0
2017-08-17 10:33:00+00:00,4440.0,4440.0,4440.0,4440.0,0.0,4419.0
2017-08-17 10:34:00+00:00,4440.0,4440.0,4440.0,4440.0,0.0,4419.0
2017-08-17 10:35:00+00:00,4400.0,4400.0,4400.0,4400.0,0.3,4419.0
2017-08-17 10:36:00+00:00,4419.0,4419.0,4419.0,4419.0,0.270001,4419.0
2017-08-17 10:37:00+00:00,4419.0,4419.0,4419.0,4419.0,1.420003,4415.0
2017-08-17 10:38:00+00:00,4419.0,4419.0,4419.0,4419.0,0.0,4415.0
2017-08-17 10:39:00+00:00,4419.0,4419.0,4419.0,4419.0,0.0,4415.0
2017-08-17 10:40:00+00:00,4419.0,4419.0,4419.0,4419.0,0.0,4415.0
2017-08-17 10:41:00+00:00,4419.0,4419.0,4419.0,4419.0,0.0,4415.0
2017-08-17 10:42:00+00:00,4415.0,4415.0,4415.0,4415.0,0.083709,4415.0
2017-08-17 10:43:00+00:00,4415.0,4415.0,4415.0,4415.0,0.004522,4443.9
2017-08-17 10:44:00+00:00,4415.0,4415.0,4415.0,4415.0,0.0,4460.0
2017-08-17 10:45:00+00:00,4415.0,4415.0,4415.0,4415.0,0.0,4460.0
2017-08-17 10:46:00+00:00,4415.0,4415.0,4415.0,4415.0,0.0,4450.65
2017-08-17 10:47:00+00:00,4415.0,4415.0,4415.0,4415.0,0.0,4460.0
2017-08-17 10:48:00+00:00,4419.0,4457.24,4419.0,4443.9,11.901043,4460.0
2017-08-17 10:49:00+00:00,4460.0,4460.0,4460.0,4460.0,0.009597,4460.0
2017-08-17 10:50:00+00:00,4460.0,4460.0,4460.0,4460.0,0.068562,4460.0
2017-08-17 10:51:00+00:00,4460.0,4470.0,4450.65,4450.65,0.493671,4460.0
2017-08-17 10:52:00+00:00,4460.0,4460.0,4460.0,4460.0,0.440872,4460.0
2017-08-17 10:53:00+00:00,4460.0,4460.0,4460.0,4460.0,3.16907,4460.0
2017-08-17 10:54:00+00:00,4460.0,4460.0,4460.0,4460.0,0.511059,4460.0
2017-08-17 10:55:00+00:00,4460.0,4460.0,4460.0,4460.0,0.182374,4470.0
2017-08-17 10:56:00+00:00,4460.0,4460.0,4460.0,4460.0,0.161876,4470.0
2017-08-17 10:57:00+00:00,4460.0,4460.0,4460.0,4460.0,0.064754,4470.0
2017-08-17 10:58:00+00:00,4460.0,4460.0,4460.0,4460.0,0.50613,4474.8
2017-08-17 10:59:00+00:00,4460.0,4460.0,4460.0,4460.0,0.003825,4474.8
2017-08-17 11:00:00+00:00,4460.0,4470.0,4460.0,4470.0,0.647812,4474.8
2017-08-17 11:01:00+00:00,4459.18,4470.0,4459.18,4470.0,7.626505,4474.8
2017-08-17 11:02:00+00:00,4470.0,4470.0,4470.0,4470.0,0.257439,4474.8
2017-08-17 11:03:00+00:00,4474.8,4474.8,4474.8,4474.8,1.34852,4454.72
2017-08-17 11:04:00+00:00,4474.8,4474.8,4474.8,4474.8,0.245169,4454.72
2017-08-17 11:05:00+00:00,4474.8,4474.8,4474.8,4474.8,0.0,4454.72
2017-08-17 11:06:00+00:00,4474.8,4474.8,4474.8,4474.8,0.0,4461.07
2017-08-17 11:07:00+00:00,4474.8,4474.8,4474.8,4474.8,0.0,4461.07
2017-08-17 11:08:00+00:00,4454.72,4454.72,4454.72,4454.72,0.008788,4461.07
2017-08-17 11:09:00+00:00,4454.72,4454.72,4454.72,4454.72,0.0,4474.8
2017-08-17 11:10:00+00:00,4454.72,4454.72,4454.72,4454.72,0.0,4474.8
2017-08-17 11:11:00+00:00,4461.07,4461.07,4461.07,4461.07,0.010118,4474.8
2017-08-17 11:12:00+00:00,4461.07,4461.07,4461.07,4461.07,0.0,4474.8
2017-08-17 11:13:00+00:00,4461.07,4461.07,4461.07,4461.07,0.0,4474.8
2017-08-17 11:14:00+00:00,4470.06,4474.8,4470.06,4474.8,5.940193,4474.8
2017-08-17 11:15:00+00:00,4474.8,4474.8,4474.8,4474.8,2.094218,4474.8
2017-08-17 11:16:00+00:00,4474.8,4474.8,4474.8,4474.8,0.0,4474.8
2017-08-17 11:17:00+00:00,4474.8,4474.8,4474.8,4474.8,1.596177,4474.8
2017-08-17 11:18:00+00:00,4474.8,4474.8,4474.8,4474.8,1.028876,4474.8
2017-08-17 11:19:00+00:00,4465.32,4474.8,4465.32,4474.8,1.146694,4474.8
2017-08-17 11:20:00+00:00,4474.8,4474.8,4474.8,4474.8,1.178146,4485.39
2017-08-17 11:21:00+00:00,4474.8,4474.8,4474.8,4474.8,0.997846,4485.39
2017-08-17 11:22:00+00:00,4474.8,4474.8,4474.8,4474.8,0.0,4485.39
2017-08-17 11:23:00+00:00,4474.8,4474.8,4474.8,4474.8,0.0,4485.39
2017-08-17 11:24:00+00:00,4474.8,4474.8,4474.8,4474.8,0.025318,4485.39
2017-08-17 11:25:00+00:00,4474.8,4485.39,4474.8,4485.39,0.449143,4485.39
2017-08-17 11:26:00+00:00,4485.39,4485.39,4485.39,4485.39,0.0,4485.39
2017-08-17 11:27:00+00:00,4485.39,4485.39,4465.06,4485.39,0.324447,4485.39
2017-08-17 11:28:00+00:00,4485.39,4485.39,4485.39,4485.39,0.00392,4485.39
2017-08-17 11:29:00+00:00,4485.39,4485.39,4485.39,4485.39,0.0,4485.39
2017-08-17 11:30:00+00:00,4485.39,4485.39,4485.39,4485.39,0.048343,4485.39
2017-08-17 11:31:00+00:00,4485.39,4485.39,4485.39,4485.39,0.0,4485.39
2017-08-17 11:32:00+00:00,4485.39,4485.39,4485.39,4485.39,0.0,4485.39
2017-08-17 11:33:00+00:00,4485.39,4485.39,4485.39,4485.39,0.0,4469.93
2017-08-17 11:34:00+00:00,4485.39,4485.39,4485.39,4485.39,0.0,4469.93
2017-08-17 11:35:00+00:00,4485.39,4485.39,4485.39,4485.39,0.0,4469.93
2017-08-17 11:36:00+00:00,4485.39,4485.39,4485.39,4485.39,0.0,4469.93
2017-08-17 11:37:00+00:00,4485.39,4485.39,4485.39,4485.39,0.0,4469.93
2017-08-17 11:38:00+00:00,4459.96,4469.93,4459.96,4469.93,0.532753,4469.93
2017-08-17 11:39:00+00:00,4469.93,4469.93,4469.93,4469.93,0.0,4469.93
2017-08-17 11:40:00+00:00,4469.93,4469.93,4469.93,4469.93,0.0,4469.93
2017-08-17 11:41:00+00:00,4469.93,4469.93,4469.93,4469.93,0.0,4468.93
2017-08-17 11:42:00+00:00,4469.93,4469.93,4469.93,4469.93,0.0,4468.93
2017-08-17 11:43:00+00:00,4469.93,4469.93,4469.93,4469.93,0.0,4468.93
2017-08-17 11:44:00+00:00,4469.93,4469.93,4469.93,4469.93,0.001986,4468.93
2017-08-17 11:45:00+00:00,4469.93,4469.93,4469.93,4469.93,0.02,4449.56
2017-08-17 11:46:00+00:00,4469.93,4469.93,4468.93,4468.93,0.171,4434.86
2017-08-17 11:47:00+00:00,4459.46,4468.93,4459.46,4468.93,0.314974,4434.86
2017-08-17 11:48:00+00:00,4468.93,4468.93,4468.93,4468.93,0.0,4434.86
2017-08-17 11:49:00+00:00,4468.93,4468.93,4468.93,4468.93,0.0,4434.86
2017-08-17 11:50:00+00:00,4449.56,4449.56,4449.56,4449.56,0.088282,4449.56
2017-08-17 11:51:00+00:00,4434.86,4434.86,4434.86,4434.86,0.275404,4438.77
2017-08-17 11:52:00+00:00,4434.86,4434.86,4434.86,4434.86,0.248,4449.56
2017-08-17 11:53:00+00:00,4434.86,4434.86,4434.86,4434.86,0.000187,4449.56
2017-08-17 11:54:00+00:00,4434.86,4434.86,4434.86,4434.86,0.137571,4427.3
2017-08-17 11:55:00+00:00,4449.56,4449.56,4449.56,4449.56,0.064142,4427.3
2017-08-17 11:56:00+00:00,4438.77,4438.77,4438.77,4438.77,0.046937,4436.06
2017-08-17 11:57:00+00:00,4449.56,4449.56,4449.56,4449.56,0.11838,4436.06
2017-08-17 11:58:00+00:00,4449.56,4449.56,4449.56,4449.56,0.0,4436.06
2017-08-17 11:59:00+00:00,4427.3,4427.3,4427.3,4427.3,0.020765,4449.56
2017-08-17 12:00:00+00:00,4427.3,4427.3,4427.3,4427.3,0.0,4447.66
2017-08-17 12:01:00+00:00,4436.06,4436.06,4436.06,4436.06,0.061558,4447.66
2017-08-17 12:02:00+00:00,4436.06,4436.06,4436.06,4436.06,0.0,4447.66
2017-08-17 12:03:00+00:00,4436.06,4436.06,4436.06,4436.06,1.532516,4447.66
2017-08-17 12:04:00+00:00,4449.56,4449.56,4449.56,4449.56,0.793284,4448.89
2017-08-17 12:05:00+00:00,4447.66,4447.66,4447.66,4447.66,0.480838,4441.87
2017-08-17 12:06:00+00:00,4439.67,4447.66,4439.67,4447.66,4.517824,4441.87
2017-08-17 12:07:00+00:00,4447.66,4447.66,4447.66,4447.66,0.046054,4441.87
2017-08-17 12:08:00+00:00,4447.66,4447.66,4447.66,4447.66,0.309107,4441.87
2017-08-17 12:09:00+00:00,4448.89,4448.89,4448.89,4448.89,0.434545,4441.87
2017-08-17 12:10:00+00:00,4441.87,4441.87,4441.87,4441.87,0.696494,4441.87
2017-08-17 12:11:00+00:00,4441.87,4441.87,4441.87,4441.87,0.0,4441.87
2017-08-17 12:12:00+00:00,4441.87,4441.87,4441.87,4441.87,0.393453,4441.87
2017-08-17 12:13:00+00:00,4441.87,4441.87,4441.87,4441.87,0.187894,4441.87
2017-08-17 12:14:00+00:00,4441.87,4441.87,4441.87,4441.87,1.720591,4431.68
2017-08-17 12:15:00+00:00,4441.87,4441.87,4441.87,4441.87,0.081998,4431.68
2017-08-17 12:16:00+00:00,4441.87,4441.87,4441.87,4441.87,0.066163,4430.95
2017-08-17 12:17:00+00:00,4441.87,4441.87,4441.87,4441.87,0.256702,4430.95
2017-08-17 12:18:00+00:00,4441.87,4441.87,4441.87,4441.87,0.0,4430.95
2017-08-17 12:19:00+00:00,4431.68,4431.68,4431.68,4431.68,0.025,4427.3
2017-08-17 12:20:00+00:00,4431.68,4431.68,4431.68,4431.68,0.0,4425.25
2017-08-17 12:21:00+00:00,4430.95,4430.95,4430.95,4430.95,0.00493,4423.2
2017-08-17 12:22:00+00:00,4430.95,4430.95,4430.95,4430.95,0.0,4423.2
2017-08-17 12:23:00+00:00,4427.3,4430.95,4427.3,4430.95,3.614797,4425.25
2017-08-17 12:24:00+00:00,4430.95,4430.95,4427.3,4427.3,4.77324,4418.12
2017-08-17 12:25:00+00:00,4425.25,4425.25,4425.25,4425.25,0.026,4418.12
2017-08-17 12:26:00+00:00,4423.2,4423.2,4423.2,4423.2,0.94,4418.12
2017-08-17 12:27:00+00:00,4423.2,4423.2,4423.2,4423.2,0.0,4417.0
2017-08-17 12:28:00+00:00,4425.25,4425.25,4425.25,4425.25,0.019559,4417.0
2017-08-17 12:29:00+00:00,4418.12,4418.12,4418.12,4418.12,0.113,4417.0
2017-08-17 12:30:00+00:00,4418.12,4418.12,4418.12,4418.12,0.0,4417.0
2017-08-17 12:31:00+00:00,4418.12,4418.12,4418.12,4418.12,0.0,4417.0
2017-08-17 12:32:00+00:00,4417.0,4417.0,4417.0,4417.0,0.027508,4417.0
2017-08-17 12:33:00+00:00,4417.0,4417.0,4417.0,4417.0,0.0,4417.0
2017-08-17 12:34:00+00:00,4417.0,4417.0,4417.0,4417.0,0.0,4427.3
2017-08-17 12:35:00+00:00,4417.0,4417.0,4417.0,4417.0,0.000293,4427.3
2017-08-17 12:36:00+00:00,4417.0,4417.0,4417.0,4417.0,0.09,4411.01
2017-08-17 12:37:00+00:00,4417.0,4417.0,4417.0,4417.0,0.0,4431.13
2017-08-17 12:38:00+00:00,4417.0,4417.0,4417.0,4417.0,0.135,4431.13
2017-08-17 12:39:00+00:00,4417.0,4427.3,4417.0,4427.3,0.029912,4431.13
2017-08-17 12:40:00+00:00,4427.3,4427.3,4427.3,4427.3,0.0,4431.13
2017-08-17 12:41:00+00:00,4419.14,4430.95,4411.01,4411.01,0.627854,4431.13
2017-08-17 12:42:00+00:00,4431.13,4431.13,4431.13,4431.13,0.17931,4431.13
2017-08-17 12:43:00+00:00,4431.13,4431.13,4431.13,4431.13,0.0,4420.5
2017-08-17 12:44:00+00:00,4431.13,4431.13,4431.13,4431.13,0.0,4411.0
2017-08-17 12:45:00+00:00,4431.13,4431.13,4431.13,4431.13,0.0,4420.0
2017-08-17 12:46:00+00:00,4431.13,4431.13,4431.13,4431.13,0.0,4420.0
2017-08-17 12:47:00+00:00,4431.13,4431.13,4431.13,4431.13,0.0,4420.0
2017-08-17 12:48:00+00:00,4430.0,4430.0,4420.5,4420.5,0.077498,4420.0
2017-08-17 12:49:00+00:00,4420.0,4420.0,4411.0,4411.0,0.622,4411.0
2017-08-17 12:50:00+00:00,4420.0,4420.0,4420.0,4420.0,0.024782,4411.0
2017-08-17 12:51:00+00:00,4420.0,4420.0,4420.0,4420.0,0.0,4411.0
2017-08-17 12:52:00+00:00,4420.0,4420.0,4420.0,4420.0,0.0,4411.0
2017-08-17 12:53:00+00:00,4420.0,4420.0,4420.0,4420.0,0.002218,4411.0
2017-08-17 12:54:00+00:00,4420.0,4431.13,4411.0,4411.0,0.120476,4411.0
2017-08-17 12:55:00+00:00,4411.0,4411.0,4411.0,4411.0,0.0,4411.0
2017-08-17 12:56:00+00:00,4411.0,4411.0,4411.0,4411.0,0.0,4411.0
2017-08-17 12:57:00+00:00,4411.0,4411.0,4411.0,4411.0,0.0,4411.0
2017-08-17 12:58:00+00:00,4411.0,4411.0,4411.0,4411.0,0.0,4411.0
2017-08-17 12:59:00+00:00,4411.0,4411.0,4411.0,4411.0,0.0,4430.0
2017-08-17 13:00:00+00:00,4411.0,4411.0,4411.0,4411.0,0.28,4434.12
2017-08-17 13:01:00+00:00,4411.0,4411.0,4411.0,4411.0,0.0,4445.88
2017-08-17 13:02:00+00:00,4411.0,4411.0,4411.0,4411.0,0.0,4445.88
2017-08-17 13:03:00+00:00,4411.0,4411.0,4411.0,4411.0,0.0,4445.88
2017-08-17 13:04:00+00:00,4424.57,4430.0,4424.57,4430.0,0.330006,4445.88
2017-08-17 13:05:00+00:00,4434.12,4434.12,4434.12,4434.12,0.092424,4445.88
2017-08-17 13:06:00+00:00,4445.88,4445.88,4445.88,4445.88,0.037531,4445.88
2017-08-17 13:07:00+00:00,4440.0,4445.88,4440.0,4445.88,0.389654,4445.88
2017-08-17 13:08:00+00:00,4445.88,4445.88,4445.88,4445.88,0.0,4445.88
2017-08-17 13:09:00+00:00,4445.88,4445.88,4445.88,4445.88,0.0,4445.88
2017-08-17 13:10:00+00:00,4445.88,4445.88,4445.88,4445.88,0.0,4445.88
2017-08-17 13:11:00+00:00,4440.0,4445.88,4440.0,4445.88,0.129328,4445.88
2017-08-17 13:12:00+00:00,4445.88,4445.88,4445.88,4445.88,0.0,4445.88
2017-08-17 13:13:00+00:00,4445.88,4445.88,4445.88,4445.88,0.0,4445.88
2017-08-17 13:14:00+00:00,4445.88,4445.88,4445.88,4445.88,0.0,4430.43
2017-08-17 13:15:00+00:00,4445.88,4445.88,4445.88,4445.88,0.0,4430.43
2017-08-17 13:16:00+00:00,4445.88,4445.88,4445.88,4445.88,0.0,4430.43
2017-08-17 13:17:00+00:00,4445.88,4445.88,4445.88,4445.88,0.0,4430.43
2017-08-17 13:18:00+00:00,4445.88,4445.88,4445.88,4445.88,0.0,4430.43
2017-08-17 13:19:00+00:00,4430.43,4430.43,4430.43,4430.43,0.013,4440.0
2017-08-17 13:20:00+00:00,4430.43,4430.43,4430.43,4430.43,0.0,4440.0
2017-08-17 13:21:00+00:00,4430.43,4430.43,4430.43,4430.43,0.0,4440.0
2017-08-17 13:22:00+00:00,4430.43,4430.43,4430.43,4430.43,0.0,4425.21
2017-08-17 13:23:00+00:00,4430.43,4430.43,4430.43,4430.43,0.001479,4425.21
2017-08-17 13:24:00+00:00,4425.21,4440.0,4425.21,4440.0,0.147756,4440.0
2017-08-17 13:25:00+00:00,4440.0,4440.0,4440.0,4440.0,0.0,4435.12
2017-08-17 13:26:00+00:00,4440.0,4440.0,4440.0,4440.0,0.0,4435.21
2017-08-17 13:27:00+00:00,4425.21,4425.21,4425.21,4425.21,0.02715,4440.0
2017-08-17 13:28:00+00:00,4425.21,4425.21,4425.21,4425.21,0.0,4440.0
2017-08-17 13:29:00+00:00,4422.6,4440.0,4422.6,4440.0,2.26999,4440.0
2017-08-17 13:30:00+00:00,4435.12,4435.12,4425.21,4435.12,0.513121,4445.0
2017-08-17 13:31:00+00:00,4435.21,4435.21,4435.21,4435.21,1.10672,4445.0
2017-08-17 13:32:00+00:00,4435.21,4440.0,4435.21,4440.0,0.433794,4445.0
2017-08-17 13:33:00+00:00,4440.0,4440.0,4440.0,4440.0,0.08141,4445.0
2017-08-17 13:34:00+00:00,4440.0,4440.0,4440.0,4440.0,0.221447,4445.0
2017-08-17 13:35:00+00:00,4445.0,4445.0,4440.0,4445.0,0.98704,4445.0
2017-08-17 13:36:00+00:00,4445.0,4445.0,4445.0,4445.0,0.99093,4445.0
2017-08-17 13:37:00+00:00,4445.0,4445.0,4445.0,4445.0,0.231016,4445.0
2017-08-17 13:38:00+00:00,4445.0,4445.0,4445.0,4445.0,0.41048,4445.0
2017-08-17 13:39:00+00:00,4445.0,4445.0,4445.0,4445.0,0.757662,4445.0
2017-08-17 13:40:00+00:00,4445.0,4445.0,4445.0,4445.0,0.0,4445.0
2017-08-17 13:41:00+00:00,4445.0,4445.0,4445.0,4445.0,0.0,4432.07
2017-08-17 13:42:00+00:00,4445.0,4445.0,4445.0,4445.0,0.0,4445.0
2017-08-17 13:43:00+00:00,4445.0,4445.0,4445.0,4445.0,0.125884,4445.0
2017-08-17 13:44:00+00:00,4445.0,4445.0,4445.0,4445.0,1.645136,4445.0
2017-08-17 13:45:00+00:00,4445.0,4445.0,4445.0,4445.0,0.0,4432.07
2017-08-17 13:46:00+00:00,4432.07,4432.07,4432.07,4432.07,0.069,4432.07
2017-08-17 13:47:00+00:00,4445.0,4445.0,4445.0,4445.0,0.074829,4432.07
2017-08-17 13:48:00+00:00,4445.0,4445.0,4445.0,4445.0,0.0,4445.0
2017-08-17 13:49:00+00:00,4445.0,4445.0,4445.0,4445.0,0.0,4445.0
2017-08-17 13:50:00+00:00,4425.6,4432.07,4425.6,4432.07,5.628527,4445.0
2017-08-17 13:51:00+00:00,4432.07,4432.07,4432.07,4432.07,0.0,4445.0
2017-08-17 13:52:00+00:00,4433.2,4433.2,4432.07,4432.07,1.842463,4445.0
2017-08-17 13:53:00+00:00,4445.0,4445.0,4445.0,4445.0,0.475496,4459.0
2017-08-17 13:54:00+00:00,4445.0,4445.0,4445.0,4445.0,1.12607,4459.0
2017-08-17 13:55:00+00:00,4445.0,4445.0,4445.0,4445.0,0.272969,4460.0
2017-08-17 13:56:00+00:00,4445.0,4445.0,4445.0,4445.0,0.146,4460.0
2017-08-17 13:57:00+00:00,4445.0,4445.0,4445.0,4445.0,7.00496,4460.0
2017-08-17 13:58:00+00:00,4445.0,4459.0,4445.0,4459.0,3.449164,4460.0
2017-08-17 13:59:00+00:00,4459.0,4459.0,4459.0,4459.0,0.0,4460.0
2017-08-17 14:00:00+00:00,4459.0,4460.0,4459.0,4460.0,0.693599,4460.0
2017-08-17 14:01:00+00:00,4460.0,4460.0,4460.0,4460.0,1.113327,4460.0
2017-08-17 14:02:00+00:00,4460.0,4460.0,4460.0,4460.0,1.987536,4460.0
2017-08-17 14:03:00+00:00,4460.0,4460.0,4460.0,4460.0,1.910253,4460.0
2017-08-17 14:04:00+00:00,4460.0,4460.0,4460.0,4460.0,0.079967,4460.0
2017-08-17 14:05:00+00:00,4460.0,4460.0,4460.0,4460.0,1.089199,4460.0
2017-08-17 14:06:00+00:00,4460.0,4460.0,4460.0,4460.0,0.0,4460.0
2017-08-17 14:07:00+00:00,4460.0,4460.0,4460.0,4460.0,1.055972,4452.75
2017-08-17 14:08:00+00:00,4460.0,4460.0,4460.0,4460.0,0.184417,4452.71
2017-08-17 14:09:00+00:00,4460.0,4460.0,4460.0,4460.0,0.945864,4452.71
2017-08-17 14:10:00+00:00,4460.0,4460.0,4460.0,4460.0,0.482478,4452.71
2017-08-17 14:11:00+00:00,4460.0,4460.0,4460.0,4460.0,0.0,4452.71
2017-08-17 14:12:00+00:00,4460.0,4460.0,4452.75,4452.75,3.42236,4452.71
2017-08-17 14:13:00+00:00,4435.93,4452.71,4435.93,4452.71,4.373493,4459.81
2017-08-17 14:14:00+00:00,4452.71,4452.71,4452.71,4452.71,0.0,4459.81
2017-08-17 14:15:00+00:00,4452.71,4452.71,4452.71,4452.71,0.340744,4459.81
2017-08-17 14:16:00+00:00,4452.71,4452.71,4452.71,4452.71,0.284341,4460.0
2017-08-17 14:17:00+00:00,4452.71,4452.71,4452.71,4452.71,0.0,4460.0
2017-08-17 14:18:00+00:00,4459.81,4459.81,4459.81,4459.81,0.610223,4469.35
2017-08-17 14:19:00+00:00,4459.81,4459.81,4459.81,4459.81,0.013429,4469.35
2017-08-17 14:20:00+00:00,4459.81,4459.81,4459.81,4459.81,0.246348,4437.35
2017-08-17 14:21:00+00:00,4459.81,4460.0,4459.81,4460.0,0.454725,4469.35
2017-08-17 14:22:00+00:00,4460.0,4460.0,4460.0,4460.0,0.168366,4469.35
2017-08-17 14:23:00+00:00,4469.46,4469.46,4469.35,4469.35,0.119405,4467.81
2017-08-17 14:24:00+00:00,4469.35,4469.35,4469.35,4469.35,0.177506,4467.81
2017-08-17 14:25:00+00:00,4469.35,4469.35,4437.35,4437.35,0.296746,4467.81
2017-08-17 14:26:00+00:00,4469.35,4469.35,4469.35,4469.35,0.091731,4467.81
2017-08-17 14:27:00+00:00,4469.35,4469.35,4469.35,4469.35,0.772777,4467.81
2017-08-17 14:28:00+00:00,4469.46,4469.46,4467.81,4467.81,0.709429,4467.81
2017-08-17 14:29:00+00:00,4467.81,4467.81,4467.81,4467.81,0.024574,4484.0
2017-08-17 14:30:00+00:00,4467.81,4467.81,4467.81,4467.81,0.393608,4484.0
2017-08-17 14:31:00+00:00,4467.81,4467.81,4467.81,4467.81,0.558302,4484.0
2017-08-17 14:32:00+00:00,4452.57,4467.81,4452.57,4467.81,4.300343,4485.0
2017-08-17 14:33:00+00:00,4467.81,4467.81,4467.81,4467.81,0.065785,4484.0
2017-08-17 14:34:00+00:00,4484.0,4484.0,4484.0,4484.0,0.049553,4484.0
2017-08-17 14:35:00+00:00,4484.0,4484.0,4484.0,4484.0,0.153852,4485.0
2017-08-17 14:36:00+00:00,4484.0,4484.0,4484.0,4484.0,0.053696,4485.0
2017-08-17 14:37:00+00:00,4484.0,4485.0,4484.0,4485.0,0.284055,4485.0
2017-08-17 14:38:00+00:00,4484.0,4484.0,4484.0,4484.0,0.249969,4485.39
2017-08-17 14:39:00+00:00,4484.0,4484.0,4484.0,4484.0,0.141862,4477.53
2017-08-17 14:40:00+00:00,4484.0,4485.0,4484.0,4485.0,1.058721,4477.53
2017-08-17 14:41:00+00:00,4485.0,4485.0,4485.0,4485.0,0.156931,4477.53
2017-08-17 14:42:00+00:00,4485.0,4485.0,4485.0,4485.0,0.600026,4477.53
2017-08-17 14:43:00+00:00,4485.0,4485.39,4485.0,4485.39,1.643844,4477.53
2017-08-17 14:44:00+00:00,4477.53,4477.53,4477.53,4477.53,0.144835,4477.53
2017-08-17 14:45:00+00:00,4477.53,4477.53,4477.53,4477.53,0.0,4477.53
2017-08-17 14:46:00+00:00,4477.53,4477.53,4477.53,4477.53,0.243408,4477.53
2017-08-17 14:47:00+00:00,4477.53,4477.53,4477.53,4477.53,0.04181,4477.53
2017-08-17 14:48:00+00:00,4477.53,4477.53,4477.53,4477.53,0.606513,4476.84
2017-08-17 14:49:00+00:00,4477.53,4477.53,4477.53,4477.53,0.508717,4477.53
2017-08-17 14:50:00+00:00,4477.53,4477.53,4477.53,4477.53,0.082,4477.53
2017-08-17 14:51:00+00:00,4477.53,4477.53,4477.53,4477.53,0.375093,4468.33
2017-08-17 14:52:00+00:00,4457.43,4477.53,4457.43,4477.53,4.78714,4469.17
2017-08-17 14:53:00+00:00,4476.84,4476.84,4476.84,4476.84,1.684968,4469.17
2017-08-17 14:54:00+00:00,4477.53,4477.53,4477.53,4477.53,0.044254,4470.82
2017-08-17 14:55:00+00:00,4477.53,4477.53,4477.23,4477.53,3.116285,4470.82
2017-08-17 14:56:00+00:00,4453.26,4469.17,4453.26,4468.33,4.800608,4470.82
2017-08-17 14:57:00+00:00,4468.33,4469.17,4468.33,4469.17,2.512693,4470.0
2017-08-17 14:58:00+00:00,4469.17,4469.17,4469.17,4469.17,0.884215,4470.0
2017-08-17 14:59:00+00:00,4470.82,4470.82,4470.82,4470.82,0.544002,4470.0
2017-08-17 15:00:00+00:00,4470.82,4470.82,4470.82,4470.82,1.351499,4470.0
2017-08-17 15:01:00+00:00,4470.82,4470.82,4470.82,4470.82,0.322366,4470.0
2017-08-17 15:02:00+00:00,4470.0,4470.0,4470.0,4470.0,0.248009,4469.0
2017-08-17 15:03:00+00:00,4470.0,4470.0,4470.0,4470.0,0.766008,4469.0
2017-08-17 15:04:00+00:00,4453.67,4470.0,4453.67,4470.0,4.117776,4469.0
2017-08-17 15:05:00+00:00,4470.0,4470.0,4470.0,4470.0,0.0,4469.0
2017-08-17 15:06:00+00:00,4470.0,4470.0,4470.0,4470.0,0.3034,4460.0
2017-08-17 15:07:00+00:00,4469.99,4469.99,4469.0,4469.0,0.213872,4460.0
2017-08-17 15:08:00+00:00,4469.0,4469.0,4469.0,4469.0,0.121306,4460.0
2017-08-17 15:09:00+00:00,4469.0,4469.0,4469.0,4469.0,0.0,4460.0
2017-08-17 15:10:00+00:00,4469.0,4469.0,4469.0,4469.0,0.254984,4460.0
2017-08-17 15:11:00+00:00,4469.0,4469.0,4460.0,4460.0,0.65217,4460.0
2017-08-17 15:12:00+00:00,4460.0,4460.0,4460.0,4460.0,1.088892,4469.0
2017-08-17 15:13:00+00:00,4460.0,4460.0,4460.0,4460.0,0.242059,4469.0
2017-08-17 15:14:00+00:00,4460.0,4460.0,4460.0,4460.0,0.120548,4469.99
2017-08-17 15:15:00+00:00,4460.0,4460.0,4460.0,4460.0,0.950092,4469.99
2017-08-17 15:16:00+00:00,4460.0,4460.0,4460.0,4460.0,0.957037,4469.0
2017-08-17 15:17:00+00:00,4469.0,4469.0,4469.0,4469.0,0.54076,4445.0
2017-08-17 15:18:00+00:00,4469.0,4469.0,4469.0,4469.0,0.542332,4445.0
2017-08-17 15:19:00+00:00,4469.99,4469.99,4469.99,4469.99,0.536322,4432.7
2017-08-17 15:20:00+00:00,4445.0,4469.99,4445.0,4469.99,1.365382,4433.2
2017-08-17 15:21:00+00:00,4469.0,4469.0,4469.0,4469.0,0.042962,4433.2
2017-08-17 15:22:00+00:00,4469.0,4470.82,4445.0,4445.0,1.276884,4445.0
2017-08-17 15:23:00+00:00,4445.0,4445.0,4445.0,4445.0,0.597,4432.2
2017-08-17 15:24:00+00:00,4445.0,4445.0,4432.7,4432.7,0.0992,4432.2
2017-08-17 15:25:00+00:00,4445.0,4445.0,4419.15,4433.2,1.075038,4444.9
2017-08-17 15:26:00+00:00,4433.2,4433.2,4433.2,4433.2,0.14675,4431.76
2017-08-17 15:27:00+00:00,4433.2,4445.0,4433.2,4445.0,1.3263,4420.0
2017-08-17 15:28:00+00:00,4420.0,4433.2,4412.1,4432.2,2.815312,4420.0
2017-08-17 15:29:00+00:00,4433.2,4433.2,4432.2,4432.2,0.520579,4421.0
2017-08-17 15:30:00+00:00,4432.2,4444.9,4420.0,4444.9,1.731294,4399.64
2017-08-17 15:31:00+00:00,4432.21,4432.21,4431.76,4431.76,0.681321,4381.71
2017-08-17 15:32:00+00:00,4421.0,4421.0,4420.0,4420.0,0.161379,4382.95
2017-08-17 15:33:00+00:00,4420.0,4420.0,4420.0,4420.0,0.483905,4382.95
2017-08-17 15:34:00+00:00,4416.81,4421.0,4399.64,4421.0,8.561232,4377.54
2017-08-17 15:35:00+00:00,4399.64,4399.64,4399.64,4399.64,2.28704,4377.54
2017-08-17 15:36:00+00:00,4382.95,4399.64,4376.49,4381.71,3.416081,4377.54
2017-08-17 15:37:00+00:00,4381.71,4382.95,4374.04,4382.95,2.353,4382.95
2017-08-17 15:38:00+00:00,4382.95,4382.95,4382.95,4382.95,0.010163,4382.95
2017-08-17 15:39:00+00:00,4374.04,4382.95,4374.04,4377.54,1.50694,4396.47
2017-08-17 15:40:00+00:00,4377.54,4377.54,4377.54,4377.54,0.232073,4392.95
2017-08-17 15:41:00+00:00,4382.95,4382.95,4377.54,4377.54,1.261686,4392.95
2017-08-17 15:42:00+00:00,4382.95,4382.95,4382.95,4382.95,2.008579,4425.83
2017-08-17 15:43:00+00:00,4382.95,4382.95,4382.95,4382.95,0.0,4425.83
2017-08-17 15:44:00+00:00,4396.47,4425.83,4396.47,4396.47,0.706623,4423.63
2017-08-17 15:45:00+00:00,4392.95,4392.95,4392.95,4392.95,0.114,4423.63
2017-08-17 15:46:00+00:00,4392.95,4396.47,4392.95,4392.95,2.066609,4423.63
2017-08-17 15:47:00+00:00,4392.95,4425.83,4392.95,4425.83,1.551119,4412.38
2017-08-17 15:48:00+00:00,4401.68,4425.83,4401.68,4425.83,5.330091,4377.54
2017-08-17 15:49:00+00:00,4423.63,4423.63,4423.63,4423.63,0.641441,4371.45
2017-08-17 15:50:00+00:00,4423.63,4423.63,4423.63,4423.63,0.321789,4377.54
2017-08-17 15:51:00+00:00,4423.63,4423.63,4423.63,4423.63,0.127402,4377.54
2017-08-17 15:52:00+00:00,4412.38,4412.38,4412.38,4412.38,0.757878,4377.54
2017-08-17 15:53:00+00:00,4412.38,4412.38,4377.54,4377.54,1.709299,4352.34
2017-08-17 15:54:00+00:00,4377.54,4410.35,4371.45,4371.45,0.607785,4352.34
2017-08-17 15:55:00+00:00,4377.54,4377.54,4377.54,4377.54,0.372734,4352.34
2017-08-17 15:56:00+00:00,4371.52,4377.54,4371.52,4377.54,0.315711,4352.35
2017-08-17 15:57:00+00:00,4377.54,4377.54,4377.54,4377.54,0.0,4320.0
2017-08-17 15:58:00+00:00,4352.34,4352.34,4352.34,4352.34,0.169983,4314.5
2017-08-17 15:59:00+00:00,4333.42,4352.34,4333.42,4352.34,6.399274,4325.0
2017-08-17 16:00:00+00:00,4352.34,4352.34,4352.34,4352.34,0.0,4354.35
2017-08-17 16:01:00+00:00,4352.33,4352.35,4352.33,4352.35,1.612469,4302.1
2017-08-17 16:02:00+00:00,4352.33,4352.33,4314.5,4320.0,0.635793,4300.0
2017-08-17 16:03:00+00:00,4320.0,4352.33,4314.5,4314.5,2.735415,4261.32
2017-08-17 16:04:00+00:00,4320.0,4352.35,4320.0,4325.0,1.264554,4293.61
2017-08-17 16:05:00+00:00,4325.0,4354.35,4314.5,4354.35,1.984577,4291.77
2017-08-17 16:06:00+00:00,4322.61,4322.61,4302.1,4302.1,5.355625,4290.75
2017-08-17 16:07:00+00:00,4305.38,4339.85,4300.0,4300.0,3.898083,4290.75
2017-08-17 16:08:00+00:00,4302.1,4305.38,4261.32,4261.32,6.227019,4290.75
2017-08-17 16:09:00+00:00,4255.3,4293.61,4255.3,4293.61,1.993581,4307.17
2017-08-17 16:10:00+00:00,4261.89,4292.11,4255.3,4291.77,4.760326,4290.75
2017-08-17 16:11:00+00:00,4291.77,4339.85,4287.78,4290.75,2.761322,4290.75
2017-08-17 16:12:00+00:00,4290.75,4290.75,4290.75,4290.75,0.316,4294.08
2017-08-17 16:13:00+00:00,4290.75,4290.75,4290.75,4290.75,0.0,4294.08
2017-08-17 16:14:00+00:00,4290.75,4307.17,4290.75,4307.17,0.632789,4294.08
2017-08-17 16:15:00+00:00,4307.17,4307.17,4290.75,4290.75,2.022926,4294.08
2017-08-17 16:16:00+00:00,4297.76,4304.78,4290.75,4290.75,6.696603,4284.72
2017-08-17 16:17:00+00:00,4272.03,4294.08,4272.03,4294.08,0.989574,4284.72
2017-08-17 16:18:00+00:00,4272.03,4294.08,4272.03,4294.08,1.228253,4304.78
2017-08-17 16:19:00+00:00,4294.08,4294.08,4294.08,4294.08,0.177379,4307.43
2017-08-17 16:20:00+00:00,4294.08,4294.08,4294.08,4294.08,0.112339,4307.43
2017-08-17 16:21:00+00:00,4294.08,4294.08,4265.87,4284.72,0.739616,4307.43
2017-08-17 16:22:00+00:00,4284.72,4294.08,4284.72,4284.72,1.121078,4336.69
2017-08-17 16:23:00+00:00,4284.72,4304.78,4284.72,4304.78,0.685479,4290.17
2017-08-17 16:24:00+00:00,4307.43,4336.69,4294.08,4307.43,1.933974,4290.17
2017-08-17 16:25:00+00:00,4307.43,4307.43,4307.43,4307.43,0.02,4290.17
2017-08-17 16:26:00+00:00,4307.43,4336.69,4307.43,4307.43,0.977838,4337.29
2017-08-17 16:27:00+00:00,4336.69,4336.69,4336.69,4336.69,0.733456,4337.29
2017-08-17 16:28:00+00:00,4323.05,4336.69,4290.17,4290.17,1.222022,4337.29
2017-08-17 16:29:00+00:00,4290.17,4294.08,4290.17,4290.17,0.371858,4337.29
2017-08-17 16:30:00+00:00,4290.17,4290.17,4290.17,4290.17,0.538117,4337.29
2017-08-17 16:31:00+00:00,4294.08,4337.29,4290.17,4337.29,1.65935,4337.29
2017-08-17 16:32:00+00:00,4337.29,4337.29,4337.29,4337.29,0.097888,4337.29
2017-08-17 16:33:00+00:00,4337.29,4337.29,4337.29,4337.29,0.0,4322.23
2017-08-17 16:34:00+00:00,4337.29,4337.29,4337.29,4337.29,0.0,4322.23
2017-08-17 16:35:00+00:00,4337.29,4337.29,4337.29,4337.29,0.091119,4320.29
2017-08-17 16:36:00+00:00,4337.29,4337.29,4337.29,4337.29,0.102587,4302.54
2017-08-17 16:37:00+00:00,4337.29,4337.29,4337.29,4337.29,0.606851,4300.29
2017-08-17 16:38:00+00:00,4322.23,4322.23,4322.23,4322.23,0.41154,4300.29
2017-08-17 16:39:00+00:00,4322.23,4322.23,4322.23,4322.23,0.116,4300.29
2017-08-17 16:40:00+00:00,4320.29,4320.29,4320.29,4320.29,0.287585,4300.29
2017-08-17 16:41:00+00:00,4302.54,4302.54,4302.54,4302.54,3.946881,4300.29
2017-08-17 16:42:00+00:00,4300.29,4300.29,4300.29,4300.29,0.163798,4300.29
2017-08-17 16:43:00+00:00,4300.29,4300.29,4300.29,4300.29,0.026413,4338.13
2017-08-17 16:44:00+00:00,4300.29,4300.29,4300.29,4300.29,0.067712,4338.13
2017-08-17 16:45:00+00:00,4300.29,4300.29,4300.29,4300.29,0.0,4338.13
2017-08-17 16:46:00+00:00,4300.29,4300.29,4300.29,4300.29,0.471955,4338.13
2017-08-17 16:47:00+00:00,4300.29,4300.29,4300.29,4300.29,0.836225,4338.13
2017-08-17 16:48:00+00:00,4338.13,4338.13,4338.13,4338.13,0.071186,4338.13
2017-08-17 16:49:00+00:00,4338.13,4338.13,4338.13,4338.13,0.348978,4338.13
2017-08-17 16:50:00+00:00,4338.13,4338.13,4338.13,4338.13,0.216112,4354.18
2017-08-17 16:51:00+00:00,4338.13,4338.13,4338.13,4338.13,0.892787,4354.18
2017-08-17 16:52:00+00:00,4338.13,4338.13,4338.13,4338.13,0.0,4354.18
2017-08-17 16:53:00+00:00,4338.13,4338.13,4338.13,4338.13,0.939328,4354.18
2017-08-17 16:54:00+00:00,4312.69,4338.13,4312.68,4338.13,1.688884,4354.18
2017-08-17 16:55:00+00:00,4354.18,4354.18,4354.18,4354.18,0.07445,4354.18
2017-08-17 16:56:00+00:00,4354.18,4354.18,4354.18,4354.18,0.0,4354.18
2017-08-17 16:57:00+00:00,4354.18,4354.18,4354.18,4354.18,0.405758,4354.18
2017-08-17 16:58:00+00:00,4354.18,4354.18,4354.18,4354.18,0.178288,4354.18
2017-08-17 16:59:00+00:00,4354.18,4354.18,4354.18,4354.18,0.009051,4354.18
2017-08-17 17:00:00+00:00,4354.18,4354.18,4354.18,4354.18,0.0,4354.18
2017-08-17 17:01:00+00:00,4354.18,4354.18,4354.18,4354.18,0.390481,4341.31
2017-08-17 17:02:00+00:00,4354.18,4354.18,4354.18,4354.18,0.265002,4341.31
2017-08-17 17:03:00+00:00,4354.18,4354.18,4354.18,4354.18,0.091361,4341.31
2017-08-17 17:04:00+00:00,4354.18,4354.18,4354.18,4354.18,0.525141,4341.31
2017-08-17 17:05:00+00:00,4354.18,4354.18,4354.18,4354.18,0.262547,4341.31
2017-08-17 17:06:00+00:00,4341.31,4341.31,4341.31,4341.31,0.262767,4341.31
2017-08-17 17:07:00+00:00,4326.99,4341.31,4326.99,4341.31,4.142298,4354.84
2017-08-17 17:08:00+00:00,4341.31,4341.31,4341.31,4341.31,0.033397,4354.84
2017-08-17 17:09:00+00:00,4341.31,4341.31,4341.31,4341.31,1.098296,4341.31
2017-08-17 17:10:00+00:00,4341.31,4341.31,4341.31,4341.31,0.0,4354.84
2017-08-17 17:11:00+00:00,4341.31,4341.31,4341.31,4341.31,0.317897,4322.23
2017-08-17 17:12:00+00:00,4354.84,4354.84,4354.84,4354.84,0.488621,4322.23
2017-08-17 17:13:00+00:00,4354.84,4354.84,4354.84,4354.84,0.0,4322.23
2017-08-17 17:14:00+00:00,4354.84,4354.84,4341.31,4341.31,4.228521,4322.23
2017-08-17 17:15:00+00:00,4323.23,4354.84,4323.23,4354.84,1.03038,4322.23
2017-08-17 17:16:00+00:00,4322.23,4322.23,4322.23,4322.23,0.479664,4318.21
2017-08-17 17:17:00+00:00,4322.23,4322.23,4322.23,4322.23,0.276626,4318.21
2017-08-17 17:18:00+00:00,4322.23,4322.23,4322.23,4322.23,0.082504,4318.21
2017-08-17 17:19:00+00:00,4322.23,4322.23,4322.23,4322.23,0.176221,4318.21
2017-08-17 17:20:00+00:00,4322.23,4322.23,4322.23,4322.23,0.586626,4318.21
2017-08-17 17:21:00+00:00,4301.5,4318.21,4301.5,4318.21,3.95531,4335.28
2017-08-17 17:22:00+00:00,4318.21,4318.21,4318.21,4318.21,0.252923,4335.28
2017-08-17 17:23:00+00:00,4318.21,4318.21,4318.21,4318.21,0.0,4335.28
2017-08-17 17:24:00+00:00,4318.21,4318.21,4318.21,4318.21,1.558324,4335.28
2017-08-17 17:25:00+00:00,4318.21,4318.21,4318.21,4318.21,0.0,4335.28
2017-08-17 17:26:00+00:00,4318.21,4335.28,4318.21,4335.28,0.171771,4337.29
2017-08-17 17:27:00+00:00,4335.28,4335.28,4335.28,4335.28,0.083618,4337.29
2017-08-17 17:28:00+00:00,4335.28,4335.28,4335.28,4335.28,0.351204,4337.29
2017-08-17 17:29:00+00:00,4335.28,4335.28,4335.28,4335.28,0.289996,4337.29
2017-08-17 17:30:00+00:00,4335.28,4335.28,4335.28,4335.28,0.585057,4337.29
2017-08-17 17:31:00+00:00,4337.29,4337.29,4337.29,4337.29,0.040795,4337.29
2017-08-17 17:32:00+00:00,4337.29,4337.29,4337.29,4337.29,0.435826,4337.29
2017-08-17 17:33:00+00:00,4337.29,4337.29,4337.29,4337.29,2.649999,4354.84
2017-08-17 17:34:00+00:00,4337.29,4337.29,4337.29,4337.29,0.551516,4354.84
2017-08-17 17:35:00+00:00,4337.29,4337.29,4337.29,4337.29,0.569585,4354.84
2017-08-17 17:36:00+00:00,4337.29,4337.29,4337.29,4337.29,0.377992,4354.84
2017-08-17 17:37:00+00:00,4337.29,4337.29,4337.29,4337.29,0.279954,4341.3
2017-08-17 17:38:00+00:00,4337.29,4354.84,4337.29,4354.84,0.503106,4328.15
2017-08-17 17:39:00+00:00,4354.84,4354.84,4354.84,4354.84,0.0,4328.15
2017-08-17 17:40:00+00:00,4354.84,4354.84,4354.84,4354.84,0.0,4315.11
2017-08-17 17:41:00+00:00,4354.84,4354.84,4354.84,4354.84,0.128353,4315.11
2017-08-17 17:42:00+00:00,4341.3,4341.3,4341.3,4341.3,0.278779,4315.11
2017-08-17 17:43:00+00:00,4341.3,4341.3,4328.15,4328.15,0.64279,4328.15
2017-08-17 17:44:00+00:00,4328.15,4328.15,4328.15,4328.15,0.0,4328.15
2017-08-17 17:45:00+00:00,4315.11,4315.11,4315.11,4315.11,0.005666,4328.15
2017-08-17 17:46:00+00:00,4315.11,4315.11,4315.11,4315.11,0.060504,4328.15
2017-08-17 17:47:00+00:00,4299.95,4315.11,4299.95,4315.11,5.99407,4309.05
2017-08-17 17:48:00+00:00,4328.15,4328.15,4328.15,4328.15,0.304711,4309.05
2017-08-17 17:49:00+00:00,4328.15,4328.15,4328.15,4328.15,0.2088,4309.05
2017-08-17 17:50:00+00:00,4328.15,4328.15,4328.15,4328.15,0.02377,4307.17
2017-08-17 17:51:00+00:00,4328.15,4328.15,4328.15,4328.15,0.809029,4302.15
2017-08-17 17:52:00+00:00,4327.25,4327.25,4309.05,4309.05,1.596581,4253.82
2017-08-17 17:53:00+00:00,4309.05,4309.05,4307.17,4309.05,2.358468,4239.36
2017-08-17 17:54:00+00:00,4309.05,4309.05,4309.05,4309.05,0.0,4289.24
2017-08-17 17:55:00+00:00,4307.17,4307.17,4307.17,4307.17,0.423056,4289.24
2017-08-17 17:56:00+00:00,4286.52,4307.17,4286.52,4302.15,4.918278,4282.43
2017-08-17 17:57:00+00:00,4265.87,4302.15,4235.45,4253.82,13.137162,4268.01
2017-08-17 17:58:00+00:00,4253.82,4253.82,4239.36,4239.36,0.626514,4268.01
2017-08-17 17:59:00+00:00,4252.92,4289.24,4252.92,4289.24,0.753055,4263.99
2017-08-17 18:00:00+00:00,4289.24,4289.24,4289.24,4289.24,1.147606,4253.56
2017-08-17 18:01:00+00:00,4282.43,4282.43,4282.43,4282.43,0.188412,4236.89
2017-08-17 18:02:00+00:00,4268.01,4268.01,4268.01,4268.01,1.321616,4231.87
2017-08-17 18:03:00+00:00,4268.01,4268.01,4268.01,4268.01,0.0,4231.87
2017-08-17 18:04:00+00:00,4267.01,4267.01,4263.99,4263.99,1.120763,4231.87
2017-08-17 18:05:00+00:00,4253.56,4253.56,4253.56,4253.56,0.096962,4231.87
2017-08-17 18:06:00+00:00,4218.68,4236.89,4218.68,4236.89,5.840977,4231.87
2017-08-17 18:07:00+00:00,4231.87,4231.87,4231.87,4231.87,0.354428,4269.51
2017-08-17 18:08:00+00:00,4231.87,4231.87,4231.87,4231.87,0.473725,4282.43
2017-08-17 18:09:00+00:00,4231.87,4231.87,4231.87,4231.87,1.300847,4282.43
2017-08-17 18:10:00+00:00,4231.87,4231.87,4231.87,4231.87,1.991197,4282.43
2017-08-17 18:11:00+00:00,4231.87,4231.87,4231.87,4231.87,0.67752,4278.01
2017-08-17 18:12:00+00:00,4231.87,4269.51,4231.87,4269.51,0.958052,4278.01
2017-08-17 18:13:00+00:00,4269.51,4282.43,4269.51,4282.43,0.488535,4302.15
2017-08-17 18:14:00+00:00,4282.43,4282.43,4282.43,4282.43,0.351355,4302.15
2017-08-17 18:15:00+00:00,4282.43,4282.43,4282.43,4282.43,0.746156,4302.15
2017-08-17 18:16:00+00:00,4278.01,4278.01,4278.01,4278.01,0.033859,4302.45
2017-08-17 18:17:00+00:00,4278.01,4278.01,4278.01,4278.01,0.806405,4302.44
2017-08-17 18:18:00+00:00,4273.03,4302.15,4273.03,4302.15,4.366899,4302.45
2017-08-17 18:19:00+00:00,4302.15,4302.15,4302.15,4302.15,0.0,4302.45
2017-08-17 18:20:00+00:00,4302.15,4302.15,4302.15,4302.15,0.537551,4287.69
2017-08-17 18:21:00+00:00,4302.15,4302.45,4302.15,4302.45,0.243168,4287.69
2017-08-17 18:22:00+00:00,4302.44,4302.44,4302.44,4302.44,0.360289,4287.69
2017-08-17 18:23:00+00:00,4302.44,4302.45,4302.44,4302.45,0.883199,4287.69
2017-08-17 18:24:00+00:00,4302.45,4302.45,4302.45,4302.45,0.054225,4287.69
2017-08-17 18:25:00+00:00,4287.69,4287.69,4287.69,4287.69,0.177203,4287.69
2017-08-17 18:26:00+00:00,4287.69,4287.69,4287.69,4287.69,0.035636,4287.69
2017-08-17 18:27:00+00:00,4287.69,4287.69,4287.69,4287.69,0.3524,4287.69
2017-08-17 18:28:00+00:00,4287.69,4287.69,4287.69,4287.69,0.0,4287.69
2017-08-17 18:29:00+00:00,4287.69,4287.69,4287.69,4287.69,0.03721,4287.69
2017-08-17 18:30:00+00:00,4287.69,4287.69,4287.69,4287.69,0.051423,4302.45
2017-08-17 18:31:00+00:00,4287.69,4287.69,4287.69,4287.69,0.234549,4302.45
2017-08-17 18:32:00+00:00,4287.69,4287.69,4287.69,4287.69,0.290857,4284.27
2017-08-17 18:33:00+00:00,4287.69,4287.69,4287.69,4287.69,0.686466,4284.27
2017-08-17 18:34:00+00:00,4287.69,4287.69,4287.69,4287.69,0.912674,4267.01
2017-08-17 18:35:00+00:00,4302.45,4302.45,4302.45,4302.45,0.764248,4246.9
2017-08-17 18:36:00+00:00,4302.45,4302.45,4302.45,4302.45,0.0,4246.9
2017-08-17 18:37:00+00:00,4284.27,4284.27,4284.27,4284.27,0.630753,4246.9
2017-08-17 18:38:00+00:00,4264.1,4284.27,4264.1,4284.27,4.020848,4237.85
2017-08-17 18:39:00+00:00,4267.01,4267.01,4267.01,4267.01,0.965019,4237.85
2017-08-17 18:40:00+00:00,4246.9,4246.9,4246.9,4246.9,0.518974,4237.85
2017-08-17 18:41:00+00:00,4246.9,4246.9,4246.9,4246.9,0.253349,4237.85
2017-08-17 18:42:00+00:00,4246.9,4246.9,4246.9,4246.9,1.312269,4237.85
2017-08-17 18:43:00+00:00,4237.85,4237.85,4237.85,4237.85,0.067005,4237.85
2017-08-17 18:44:00+00:00,4237.85,4237.85,4237.85,4237.85,0.88868,4241.9
2017-08-17 18:45:00+00:00,4237.85,4237.85,4237.85,4237.85,0.38656,4261.99
2017-08-17 18:46:00+00:00,4222.97,4237.85,4222.97,4237.85,4.709319,4261.99
2017-08-17 18:47:00+00:00,4237.85,4237.85,4237.85,4237.85,0.0,4267.01
2017-08-17 18:48:00+00:00,4237.85,4237.85,4237.85,4237.85,0.739676,4267.01
2017-08-17 18:49:00+00:00,4241.9,4241.9,4241.9,4241.9,0.065555,4254.96
2017-08-17 18:50:00+00:00,4241.9,4261.99,4241.9,4261.99,0.46887,4254.96
2017-08-17 18:51:00+00:00,4261.99,4261.99,4261.99,4261.99,1.558428,4254.96
2017-08-17 18:52:00+00:00,4267.01,4267.01,4267.01,4267.01,1.776628,4256.97
2017-08-17 18:53:00+00:00,4267.01,4267.01,4267.01,4267.01,1.388347,4256.97
2017-08-17 18:54:00+00:00,4254.96,4254.96,4254.96,4254.96,0.319673,4256.97
2017-08-17 18:55:00+00:00,4254.96,4254.96,4254.96,4254.96,0.314732,4256.97
2017-08-17 18:56:00+00:00,4254.96,4254.96,4254.96,4254.96,1.86732,4237.72
2017-08-17 18:57:00+00:00,4254.96,4256.97,4254.96,4256.97,1.041051,4208.11
2017-08-17 18:58:00+00:00,4256.97,4256.97,4256.97,4256.97,0.092343,4208.11
2017-08-17 18:59:00+00:00,4256.97,4256.97,4256.97,4256.97,0.003352,4200.74
2017-08-17 19:00:00+00:00,4241.91,4256.97,4241.91,4256.97,0.522423,4218.51
2017-08-17 19:01:00+00:00,4231.68,4237.72,4231.68,4237.72,5.525119,4218.51
2017-08-17 19:02:00+00:00,4237.72,4237.72,4208.11,4208.11,2.830953,4218.51
2017-08-17 19:03:00+00:00,4208.11,4208.11,4208.11,4208.11,0.0,4242.53
2017-08-17 19:04:00+00:00,4200.74,4200.74,4200.74,4200.74,0.64304,4242.53
2017-08-17 19:05:00+00:00,4200.74,4218.51,4200.74,4218.51,0.1452,4271.02
2017-08-17 19:06:00+00:00,4218.51,4218.51,4218.51,4218.51,0.397453,4284.27
2017-08-17 19:07:00+00:00,4218.51,4218.51,4218.51,4218.51,1.002085,4270.34
2017-08-17 19:08:00+00:00,4218.51,4242.53,4218.51,4242.53,0.302647,4267.01
2017-08-17 19:09:00+00:00,4242.53,4242.53,4242.53,4242.53,0.528307,4281.87
2017-08-17 19:10:00+00:00,4271.02,4271.02,4271.02,4271.02,0.450256,4281.87
2017-08-17 19:11:00+00:00,4256.51,4284.27,4256.51,4284.27,7.531301,4266.01
2017-08-17 19:12:00+00:00,4270.34,4270.34,4270.34,4270.34,1.303919,4266.01
2017-08-17 19:13:00+00:00,4267.01,4267.01,4267.01,4267.01,0.496082,4266.0
2017-08-17 19:14:00+00:00,4267.01,4281.87,4267.01,4281.87,0.238346,4266.0
2017-08-17 19:15:00+00:00,4281.87,4281.87,4281.87,4281.87,0.134329,4266.0
2017-08-17 19:16:00+00:00,4247.38,4266.01,4247.38,4266.01,4.4004,4266.0
2017-08-17 19:17:00+00:00,4266.01,4266.01,4266.01,4266.01,0.45192,4266.0
2017-08-17 19:18:00+00:00,4266.01,4266.01,4266.0,4266.0,0.944602,4266.0
2017-08-17 19:19:00+00:00,4266.0,4266.0,4266.0,4266.0,0.21821,4266.0
2017-08-17 19:20:00+00:00,4266.0,4266.0,4266.0,4266.0,0.474215,4302.44
2017-08-17 19:21:00+00:00,4266.0,4266.0,4266.0,4266.0,1.888366,4287.6
2017-08-17 19:22:00+00:00,4266.0,4266.0,4266.0,4266.0,0.068781,4287.6
2017-08-17 19:23:00+00:00,4266.0,4266.0,4266.0,4266.0,0.28149,4287.6
2017-08-17 19:24:00+00:00,4266.0,4266.0,4266.0,4266.0,0.503877,4287.61
2017-08-17 19:25:00+00:00,4266.0,4302.44,4266.0,4302.44,1.000336,4287.61
2017-08-17 19:26:00+00:00,4302.44,4302.44,4287.6,4287.6,0.252082,4287.61
2017-08-17 19:27:00+00:00,4287.6,4287.6,4287.6,4287.6,0.303484,4302.45
2017-08-17 19:28:00+00:00,4287.6,4287.6,4287.6,4287.6,0.03677,4302.15
2017-08-17 19:29:00+00:00,4287.61,4287.61,4287.6,4287.61,0.289957,4302.15
2017-08-17 19:30:00+00:00,4287.61,4287.61,4287.61,4287.61,0.089286,4316.08
2017-08-17 19:31:00+00:00,4287.61,4287.61,4287.61,4287.61,0.049752,4316.07
2017-08-17 19:32:00+00:00,4302.45,4302.45,4302.45,4302.45,0.082587,4316.07
2017-08-17 19:33:00+00:00,4302.15,4302.15,4302.15,4302.15,0.270001,4316.07
2017-08-17 19:34:00+00:00,4302.15,4302.15,4302.15,4302.15,0.058672,4289.0
2017-08-17 19:35:00+00:00,4316.08,4316.08,4316.08,4316.08,0.468423,4327.25
2017-08-17 19:36:00+00:00,4316.07,4316.07,4316.07,4316.07,0.301573,4327.25
2017-08-17 19:37:00+00:00,4309.26,4316.07,4309.26,4316.07,3.893207,4327.25
2017-08-17 19:38:00+00:00,4316.07,4316.08,4316.07,4316.07,0.39744,4327.25
2017-08-17 19:39:00+00:00,4316.08,4316.08,4289.0,4289.0,1.365968,4327.25
2017-08-17 19:40:00+00:00,4316.08,4327.25,4316.08,4327.25,0.265183,4335.3
2017-08-17 19:41:00+00:00,4327.25,4327.25,4327.25,4327.25,0.241951,4335.3
2017-08-17 19:42:00+00:00,4327.25,4327.25,4327.25,4327.25,0.194502,4335.3
2017-08-17 19:43:00+00:00,4327.25,4327.25,4327.25,4327.25,0.275723,4335.3
2017-08-17 19:44:00+00:00,4327.25,4327.25,4327.25,4327.25,0.21014,4327.25
2017-08-17 19:45:00+00:00,4327.25,4335.3,4327.25,4335.3,0.577777,4327.25
2017-08-17 19:46:00+00:00,4335.3,4335.3,4335.3,4335.3,0.083337,4327.25
2017-08-17 19:47:00+00:00,4335.3,4335.3,4335.3,4335.3,0.0471,4328.25
2017-08-17 19:48:00+00:00,4335.3,4335.3,4335.3,4335.3,0.0,4328.25
2017-08-17 19:49:00+00:00,4335.3,4335.3,4327.25,4327.25,0.692499,4325.24
2017-08-17 19:50:00+00:00,4327.25,4327.25,4327.25,4327.25,0.404919,4325.24
2017-08-17 19:51:00+00:00,4327.25,4327.25,4327.25,4327.25,0.123962,4325.23
2017-08-17 19:52:00+00:00,4328.25,4328.25,4328.25,4328.25,1.259618,4325.23
2017-08-17 19:53:00+00:00,4328.25,4328.25,4328.25,4328.25,0.381956,4325.23
2017-08-17 19:54:00+00:00,4328.25,4328.25,4325.24,4325.24,0.743232,4325.23
2017-08-17 19:55:00+00:00,4325.24,4325.24,4325.24,4325.24,0.079063,4325.23
2017-08-17 19:56:00+00:00,4325.23,4325.23,4325.23,4325.23,0.051128,4325.23
2017-08-17 19:57:00+00:00,4325.23,4325.23,4325.23,4325.23,0.373403,4325.23
2017-08-17 19:58:00+00:00,4325.23,4325.23,4325.23,4325.23,0.207707,4311.18
2017-08-17 19:59:00+00:00,4325.23,4325.23,4325.23,4325.23,0.354791,4311.18
2017-08-17 20:00:00+00:00,4307.56,4325.23,4307.56,4325.23,4.789079,4311.18
2017-08-17 20:01:00+00:00,4325.23,4325.23,4325.23,4325.23,0.200403,4300.0
2017-08-17 20:02:00+00:00,4325.23,4325.23,4325.23,4325.23,0.06573,4297.13
2017-08-17 20:03:00+00:00,4311.18,4311.18,4311.18,4311.18,0.23883,4294.11
2017-08-17 20:04:00+00:00,4311.18,4311.18,4311.18,4311.18,0.191808,4278.05
2017-08-17 20:05:00+00:00,4311.18,4311.18,4311.18,4311.18,0.0,4278.05
2017-08-17 20:06:00+00:00,4311.18,4311.18,4300.0,4300.0,0.438922,4278.05
2017-08-17 20:07:00+00:00,4297.13,4297.13,4297.13,4297.13,0.858483,4278.05
2017-08-17 20:08:00+00:00,4297.13,4297.13,4294.11,4294.11,1.511294,4278.05
2017-08-17 20:09:00+00:00,4278.05,4278.05,4278.05,4278.05,0.459972,4278.05
2017-08-17 20:10:00+00:00,4278.05,4278.05,4278.05,4278.05,0.291473,4311.18
2017-08-17 20:11:00+00:00,4261.0,4278.05,4261.0,4278.05,4.270612,4325.23
2017-08-17 20:12:00+00:00,4278.05,4278.05,4278.05,4278.05,0.0093,4302.77
2017-08-17 20:13:00+00:00,4278.05,4278.05,4278.05,4278.05,0.201145,4302.77
2017-08-17 20:14:00+00:00,4278.05,4278.05,4278.05,4278.05,0.05712,4302.77
2017-08-17 20:15:00+00:00,4278.05,4311.18,4278.05,4311.18,0.573061,4289.0
2017-08-17 20:16:00+00:00,4311.18,4325.23,4311.18,4325.23,0.346686,4302.77
2017-08-17 20:17:00+00:00,4325.23,4325.23,4302.77,4302.77,3.05172,4302.77
2017-08-17 20:18:00+00:00,4302.77,4302.77,4302.77,4302.77,0.227574,4302.77
2017-08-17 20:19:00+00:00,4295.88,4302.77,4295.88,4302.77,3.964716,4302.96
2017-08-17 20:20:00+00:00,4302.77,4302.77,4289.0,4289.0,0.418756,4288.1
2017-08-17 20:21:00+00:00,4289.0,4302.77,4289.0,4302.77,0.267367,4288.1
2017-08-17 20:22:00+00:00,4302.77,4302.77,4302.77,4302.77,0.344644,4288.1
2017-08-17 20:23:00+00:00,4302.77,4302.77,4302.77,4302.77,0.057684,4287.08
2017-08-17 20:24:00+00:00,4302.96,4302.96,4302.96,4302.96,1.374165,4273.16
2017-08-17 20:25:00+00:00,4288.1,4288.1,4288.1,4288.1,0.265,4273.16
2017-08-17 20:26:00+00:00,4288.1,4288.1,4288.1,4288.1,0.183765,4287.08
2017-08-17 20:27:00+00:00,4288.1,4288.1,4288.1,4288.1,0.275064,4287.08
2017-08-17 20:28:00+00:00,4287.08,4287.08,4287.08,4287.08,0.550666,4302.96
2017-08-17 20:29:00+00:00,4273.16,4273.16,4273.16,4273.16,0.680541,4302.96
2017-08-17 20:30:00+00:00,4258.56,4273.16,4258.56,4273.16,4.839282,4302.96
2017-08-17 20:31:00+00:00,4272.03,4287.08,4272.03,4287.08,0.650598,4302.96
2017-08-17 20:32:00+00:00,4287.08,4287.08,4287.08,4287.08,0.085157,4301.91
2017-08-17 20:33:00+00:00,4287.08,4302.96,4287.08,4302.96,0.552043,4301.91
2017-08-17 20:34:00+00:00,4302.96,4302.96,4302.96,4302.96,0.042023,4303.18
2017-08-17 20:35:00+00:00,4302.96,4302.96,4302.96,4302.96,0.05274,4325.24
2017-08-17 20:36:00+00:00,4302.96,4302.96,4302.96,4302.96,0.585532,4310.99
2017-08-17 20:37:00+00:00,4301.91,4301.91,4301.91,4301.91,0.445848,4305.0
2017-08-17 20:38:00+00:00,4301.91,4301.91,4301.91,4301.91,0.372403,4305.0
2017-08-17 20:39:00+00:00,4301.91,4303.18,4262.53,4303.18,1.161897,4305.0
2017-08-17 20:40:00+00:00,4310.99,4325.24,4310.99,4325.24,0.55098,4310.99
2017-08-17 20:41:00+00:00,4305.0,4310.99,4305.0,4310.99,0.289116,4325.24
2017-08-17 20:42:00+00:00,4302.5,4305.0,4302.5,4305.0,4.04459,4325.24
2017-08-17 20:43:00+00:00,4305.0,4305.0,4305.0,4305.0,0.209205,4325.24
2017-08-17 20:44:00+00:00,4305.0,4305.0,4305.0,4305.0,0.146858,4325.24
2017-08-17 20:45:00+00:00,4305.0,4310.99,4305.0,4310.99,0.423448,4325.24
2017-08-17 20:46:00+00:00,4325.24,4325.24,4325.24,4325.24,0.276605,4326.0
2017-08-17 20:47:00+00:00,4325.24,4325.24,4325.24,4325.24,0.0,4326.0
2017-08-17 20:48:00+00:00,4325.24,4325.24,4325.24,4325.24,3.882232,4341.3
2017-08-17 20:49:00+00:00,4325.24,4325.24,4325.24,4325.24,0.606103,4341.3
2017-08-17 20:50:00+00:00,4325.24,4325.24,4325.24,4325.24,0.785411,4341.3
2017-08-17 20:51:00+00:00,4326.0,4326.0,4326.0,4326.0,0.658366,4354.84
2017-08-17 20:52:00+00:00,4326.0,4326.0,4326.0,4326.0,0.036654,4346.74
2017-08-17 20:53:00+00:00,4341.3,4341.3,4341.3,4341.3,0.059,4326.0
2017-08-17 20:54:00+00:00,4341.3,4341.3,4341.3,4341.3,0.19824,4346.74
2017-08-17 20:55:00+00:00,4341.3,4341.3,4341.3,4341.3,0.443298,4325.0
2017-08-17 20:56:00+00:00,4341.3,4354.84,4341.3,4354.84,0.095152,4325.0
2017-08-17 20:57:00+00:00,4354.84,4354.84,4346.74,4346.74,0.941793,4325.0
2017-08-17 20:58:00+00:00,4326.0,4326.0,4326.0,4326.0,0.000346,4331.78
2017-08-17 20:59:00+00:00,4326.0,4346.74,4326.0,4346.74,0.374972,4331.78
2017-08-17 21:00:00+00:00,4346.74,4346.74,4325.0,4325.0,0.319961,4339.0
2017-08-17 21:01:00+00:00,4315.85,4325.0,4315.85,4325.0,3.806586,4339.0
2017-08-17 21:02:00+00:00,4325.0,4325.0,4325.0,4325.0,0.154295,4339.0
2017-08-17 21:03:00+00:00,4325.0,4331.78,4325.0,4331.78,0.989764,4339.0
2017-08-17 21:04:00+00:00,4331.78,4331.78,4331.78,4331.78,0.327121,4339.0
2017-08-17 21:05:00+00:00,4331.78,4339.0,4331.78,4339.0,0.515867,4339.0
2017-08-17 21:06:00+00:00,4339.0,4339.0,4339.0,4339.0,0.0,4339.0
2017-08-17 21:07:00+00:00,4339.0,4339.0,4339.0,4339.0,0.094467,4339.0
2017-08-17 21:08:00+00:00,4339.0,4339.0,4339.0,4339.0,0.726103,4322.65
2017-08-17 21:09:00+00:00,4339.0,4339.0,4339.0,4339.0,0.404307,4367.93
2017-08-17 21:10:00+00:00,4339.0,4339.0,4339.0,4339.0,0.0,4346.73
2017-08-17 21:11:00+00:00,4339.0,4339.0,4339.0,4339.0,0.668266,4346.73
2017-08-17 21:12:00+00:00,4339.0,4339.0,4339.0,4339.0,0.683892,4367.93
2017-08-17 21:13:00+00:00,4339.0,4339.0,4322.65,4322.65,0.876579,4367.93
2017-08-17 21:14:00+00:00,4346.73,4367.93,4346.73,4367.93,0.988905,4360.0
2017-08-17 21:15:00+00:00,4346.73,4346.73,4346.73,4346.73,0.337205,4367.93
2017-08-17 21:16:00+00:00,4346.73,4346.73,4346.73,4346.73,1.960985,4367.93
2017-08-17 21:17:00+00:00,4367.93,4367.93,4367.93,4367.93,0.392862,4367.93
2017-08-17 21:18:00+00:00,4367.93,4367.93,4367.93,4367.93,0.394834,4367.93
2017-08-17 21:19:00+00:00,4341.32,4360.0,4341.32,4360.0,4.492299,4360.93
2017-08-17 21:20:00+00:00,4367.93,4367.93,4367.93,4367.93,0.010715,4367.93
2017-08-17 21:21:00+00:00,4367.93,4367.93,4367.93,4367.93,0.20979,4360.93
2017-08-17 21:22:00+00:00,4367.93,4367.93,4367.93,4367.93,0.117423,4348.34
2017-08-17 21:23:00+00:00,4360.93,4367.93,4360.93,4367.93,0.553276,4349.33
2017-08-17 21:24:00+00:00,4367.93,4367.93,4360.93,4360.93,0.480799,4349.33
2017-08-17 21:25:00+00:00,4360.94,4367.93,4360.94,4367.93,2.053915,4349.33
2017-08-17 21:26:00+00:00,4360.93,4360.93,4360.93,4360.93,1.635264,4349.33
2017-08-17 21:27:00+00:00,4352.34,4369.69,4348.34,4348.34,2.356774,4322.65
2017-08-17 21:28:00+00:00,4335.98,4349.33,4335.98,4349.33,3.740411,4349.33
2017-08-17 21:29:00+00:00,4349.33,4349.33,4349.33,4349.33,0.0,4349.33
2017-08-17 21:30:00+00:00,4349.33,4349.33,4349.33,4349.33,0.01207,4349.33
2017-08-17 21:31:00+00:00,4349.33,4349.33,4349.33,4349.33,0.039918,4349.32
2017-08-17 21:32:00+00:00,4349.33,4349.33,4322.65,4322.65,1.726547,4349.32
2017-08-17 21:33:00+00:00,4322.65,4349.33,4322.65,4349.33,0.458802,4349.32
2017-08-17 21:34:00+00:00,4349.33,4349.33,4349.33,4349.33,1.294236,4355.56
2017-08-17 21:35:00+00:00,4349.33,4349.33,4349.33,4349.33,0.32783,4355.56
2017-08-17 21:36:00+00:00,4349.33,4349.33,4349.32,4349.32,0.462904,4369.69
2017-08-17 21:37:00+00:00,4349.32,4349.32,4349.32,4349.32,0.0,4369.69
2017-08-17 21:38:00+00:00,4349.32,4349.32,4349.32,4349.32,0.767764,4354.35
2017-08-17 21:39:00+00:00,4349.32,4355.56,4349.32,4355.56,0.409357,4354.35
2017-08-17 21:40:00+00:00,4355.56,4355.56,4355.56,4355.56,0.929917,4354.03
2017-08-17 21:41:00+00:00,4334.12,4369.69,4334.12,4369.69,4.84588,4354.03
2017-08-17 21:42:00+00:00,4369.69,4369.69,4369.69,4369.69,0.0,4354.03
2017-08-17 21:43:00+00:00,4369.69,4369.69,4354.35,4354.35,0.364988,4355.02
2017-08-17 21:44:00+00:00,4354.35,4354.35,4354.35,4354.35,1.570612,4355.02
2017-08-17 21:45:00+00:00,4354.03,4354.03,4354.03,4354.03,0.044,4355.02
2017-08-17 21:46:00+00:00,4354.03,4354.03,4354.03,4354.03,0.287992,4355.02
2017-08-17 21:47:00+00:00,4354.03,4354.03,4354.03,4354.03,0.819397,4355.02
2017-08-17 21:48:00+00:00,4354.03,4355.02,4323.98,4355.02,4.836148,4349.63
2017-08-17 21:49:00+00:00,4355.02,4355.02,4355.02,4355.02,0.821389,4349.63
2017-08-17 21:50:00+00:00,4355.02,4355.02,4355.02,4355.02,0.34338,4309.23
2017-08-17 21:51:00+00:00,4355.02,4368.68,4355.02,4355.02,1.12536,4309.23
2017-08-17 21:52:00+00:00,4355.02,4355.02,4355.02,4355.02,7e-05,4335.94
2017-08-17 21:53:00+00:00,4355.02,4355.02,4349.63,4349.63,0.997544,4333.55
2017-08-17 21:54:00+00:00,4322.98,4349.63,4322.98,4349.63,1.142989,4333.55
2017-08-17 21:55:00+00:00,4322.98,4349.63,4309.23,4309.23,1.349006,4333.77
2017-08-17 21:56:00+00:00,4309.23,4309.23,4309.23,4309.23,0.1386,4335.56
2017-08-17 21:57:00+00:00,4335.94,4335.94,4335.94,4335.94,0.789035,4335.56
2017-08-17 21:58:00+00:00,4322.58,4335.94,4322.58,4333.55,4.869632,4335.56
2017-08-17 21:59:00+00:00,4333.55,4333.55,4333.55,4333.55,1.705004,4335.56
2017-08-17 22:00:00+00:00,4333.55,4333.77,4333.55,4333.77,2.434538,4349.63
2017-08-17 22:01:00+00:00,4335.56,4335.56,4333.77,4335.56,0.392846,4349.63
2017-08-17 22:02:00+00:00,4335.56,4335.56,4335.56,4335.56,0.061356,4349.63
2017-08-17 22:03:00+00:00,4335.56,4335.56,4335.56,4335.56,0.428977,4349.63
2017-08-17 22:04:00+00:00,4322.39,4335.56,4322.39,4335.56,3.910285,4343.96
2017-08-17 22:05:00+00:00,4349.63,4349.63,4349.63,4349.63,0.192445,4349.63
2017-08-17 22:06:00+00:00,4349.63,4349.63,4349.63,4349.63,0.027266,4349.63
2017-08-17 22:07:00+00:00,4349.63,4349.63,4349.63,4349.63,0.715657,4349.63
2017-08-17 22:08:00+00:00,4349.63,4349.63,4343.96,4349.63,1.193806,4334.32
2017-08-17 22:09:00+00:00,4343.96,4343.96,4343.96,4343.96,0.510556,4334.32
2017-08-17 22:10:00+00:00,4349.63,4349.63,4343.96,4349.63,0.176363,4325.24
2017-08-17 22:11:00+00:00,4349.63,4349.63,4349.63,4349.63,0.121849,4311.34
2017-08-17 22:12:00+00:00,4349.63,4349.63,4349.63,4349.63,0.045024,4310.0
2017-08-17 22:13:00+00:00,4334.32,4334.32,4334.32,4334.32,1.069627,4312.34
2017-08-17 22:14:00+00:00,4334.32,4334.32,4334.32,4334.32,0.0,4312.34
2017-08-17 22:15:00+00:00,4325.24,4325.24,4325.24,4325.24,0.051213,4312.34
2017-08-17 22:16:00+00:00,4311.34,4311.34,4311.34,4311.34,0.272819,4312.34
2017-08-17 22:17:00+00:00,4310.67,4311.34,4310.0,4310.0,8.630075,4312.34
2017-08-17 22:18:00+00:00,4325.24,4325.24,4312.34,4312.34,0.339436,4312.34
2017-08-17 22:19:00+00:00,4312.34,4312.34,4312.34,4312.34,0.580303,4312.34
2017-08-17 22:20:00+00:00,4312.34,4312.34,4312.34,4312.34,0.879932,4312.34
2017-08-17 22:21:00+00:00,4312.34,4312.34,4312.34,4312.34,0.031592,4310.0
2017-08-17 22:22:00+00:00,4312.34,4312.34,4312.34,4312.34,0.0,4312.34
2017-08-17 22:23:00+00:00,4312.34,4312.34,4312.34,4312.34,0.038336,4312.34
2017-08-17 22:24:00+00:00,4312.34,4312.34,4312.34,4312.34,1.421165,4326.29
2017-08-17 22:25:00+00:00,4310.0,4312.34,4310.0,4312.34,1.228109,4326.29
2017-08-17 22:26:00+00:00,4312.34,4312.34,4310.0,4310.0,0.864552,4326.28
2017-08-17 22:27:00+00:00,4312.34,4312.34,4312.34,4312.34,0.10731,4326.29
2017-08-17 22:28:00+00:00,4312.34,4312.34,4312.34,4312.34,0.00908,4326.29
2017-08-17 22:29:00+00:00,4312.34,4326.29,4312.34,4326.29,0.506657,4326.29
2017-08-17 22:30:00+00:00,4326.29,4326.29,4326.29,4326.29,0.0,4328.24
2017-08-17 22:31:00+00:00,4326.28,4326.29,4326.28,4326.28,0.760802,4328.24
2017-08-17 22:32:00+00:00,4326.28,4326.29,4326.28,4326.29,0.217272,4328.24
2017-08-17 22:33:00+00:00,4326.29,4326.29,4326.29,4326.29,0.051,4341.96
2017-08-17 22:34:00+00:00,4326.29,4326.29,4326.29,4326.29,0.673434,4341.96
2017-08-17 22:35:00+00:00,4326.29,4328.24,4326.29,4328.24,0.964126,4348.62
2017-08-17 22:36:00+00:00,4328.24,4328.24,4328.24,4328.24,0.41575,4348.62
2017-08-17 22:37:00+00:00,4319.11,4328.24,4319.11,4328.24,4.187376,4348.62
2017-08-17 22:38:00+00:00,4328.24,4341.96,4328.24,4341.96,3.866487,4356.06
2017-08-17 22:39:00+00:00,4341.96,4341.96,4341.96,4341.96,0.602163,4352.34
2017-08-17 22:40:00+00:00,4348.62,4348.62,4348.62,4348.62,1.049801,4352.34
2017-08-17 22:41:00+00:00,4348.62,4348.62,4348.62,4348.62,0.32349,4352.34
2017-08-17 22:42:00+00:00,4348.62,4348.62,4348.62,4348.62,0.535735,4352.34
2017-08-17 22:43:00+00:00,4351.62,4356.06,4351.62,4356.06,0.242904,4352.34
2017-08-17 22:44:00+00:00,4356.06,4356.06,4352.34,4352.34,1.022335,4341.3
2017-08-17 22:45:00+00:00,4335.0,4352.34,4335.0,4352.34,4.037309,4341.3
2017-08-17 22:46:00+00:00,4352.34,4352.34,4352.34,4352.34,0.0,4359.13
2017-08-17 22:47:00+00:00,4352.34,4352.34,4352.34,4352.34,0.391395,4359.13
2017-08-17 22:48:00+00:00,4352.34,4352.34,4352.34,4352.34,0.0,4352.34
2017-08-17 22:49:00+00:00,4352.34,4352.34,4341.3,4341.3,0.819121,4352.34
2017-08-17 22:50:00+00:00,4341.3,4341.3,4341.3,4341.3,0.0,4352.34
2017-08-17 22:51:00+00:00,4341.3,4359.13,4341.3,4359.13,2.079271,4337.29
2017-08-17 22:52:00+00:00,4359.13,4359.13,4359.13,4359.13,0.843838,4337.29
2017-08-17 22:53:00+00:00,4359.13,4359.13,4352.34,4352.34,0.219906,4336.8
2017-08-17 22:54:00+00:00,4352.34,4352.34,4352.34,4352.34,0.013,4336.8
2017-08-17 22:55:00+00:00,4352.34,4352.34,4352.34,4352.34,0.074517,4336.8
2017-08-17 22:56:00+00:00,4327.52,4337.29,4327.52,4337.29,5.245167,4336.8
2017-08-17 22:57:00+00:00,4337.29,4337.29,4337.29,4337.29,1.958514,4336.8
2017-08-17 22:58:00+00:00,4336.8,4336.8,4336.8,4336.8,0.389359,4336.8
2017-08-17 22:59:00+00:00,4336.8,4336.8,4336.8,4336.8,0.150896,4336.8
2017-08-17 23:00:00+00:00,4313.39,4336.8,4313.39,4336.8,4.958226,4336.8
2017-08-17 23:01:00+00:00,4336.8,4336.8,4336.8,4336.8,0.0,4336.8
2017-08-17 23:02:00+00:00,4336.8,4336.8,4336.8,4336.8,0.58138,4336.28
2017-08-17 23:03:00+00:00,4336.8,4336.8,4336.8,4336.8,0.155255,4336.28
2017-08-17 23:04:00+00:00,4336.8,4336.8,4336.8,4336.8,0.018,4336.28
2017-08-17 23:05:00+00:00,4336.8,4336.8,4336.8,4336.8,0.289674,4337.38
2017-08-17 23:06:00+00:00,4336.8,4336.8,4336.8,4336.8,0.0,4337.38
2017-08-17 23:07:00+00:00,4322.74,4336.8,4322.74,4336.28,3.134318,4336.38
2017-08-17 23:08:00+00:00,4336.28,4336.28,4336.28,4336.28,0.0,4337.38
2017-08-17 23:09:00+00:00,4336.28,4336.28,4336.28,4336.28,0.055189,4323.31
2017-08-17 23:10:00+00:00,4336.28,4337.38,4336.28,4337.38,0.429878,4337.38
2017-08-17 23:11:00+00:00,4313.57,4337.38,4313.57,4337.38,3.898021,4332.27
2017-08-17 23:12:00+00:00,4336.38,4336.38,4336.38,4336.38,3.982158,4332.27
2017-08-17 23:13:00+00:00,4336.38,4337.38,4300.0,4337.38,0.517417,4337.36
2017-08-17 23:14:00+00:00,4323.31,4323.31,4323.31,4323.31,0.1819,4337.36
2017-08-17 23:15:00+00:00,4337.38,4337.38,4337.38,4337.38,2.109273,4337.36
2017-08-17 23:16:00+00:00,4332.27,4332.27,4332.27,4332.27,0.694874,4337.36
2017-08-17 23:17:00+00:00,4332.27,4332.27,4332.27,4332.27,0.232515,4337.36
2017-08-17 23:18:00+00:00,4337.36,4337.36,4337.36,4337.36,0.266714,4337.36
2017-08-17 23:19:00+00:00,4318.68,4337.36,4318.68,4337.36,4.228973,4337.38
2017-08-17 23:20:00+00:00,4337.36,4337.36,4337.36,4337.36,0.426092,4337.38
2017-08-17 23:21:00+00:00,4337.36,4337.36,4337.36,4337.36,0.396746,4337.38
2017-08-17 23:22:00+00:00,4337.36,4337.36,4337.36,4337.36,3.502093,4329.0
2017-08-17 23:23:00+00:00,4337.36,4337.36,4337.36,4337.36,1.412583,4329.0
2017-08-17 23:24:00+00:00,4337.38,4337.38,4337.38,4337.38,1.501304,4327.89
2017-08-17 23:25:00+00:00,4318.68,4337.38,4318.68,4337.38,3.76391,4327.89
2017-08-17 23:26:00+00:00,4337.38,4337.38,4337.38,4337.38,0.250726,4332.26
2017-08-17 23:27:00+00:00,4329.0,4329.0,4329.0,4329.0,0.471262,4332.26
2017-08-17 23:28:00+00:00,4329.0,4329.0,4329.0,4329.0,0.1042,4332.26
2017-08-17 23:29:00+00:00,4329.0,4329.0,4327.89,4327.89,1.774568,4332.26
2017-08-17 23:30:00+00:00,4327.89,4327.89,4327.89,4327.89,0.331568,4332.26
2017-08-17 23:31:00+00:00,4327.89,4332.26,4327.89,4332.26,0.408371,4332.26
2017-08-17 23:32:00+00:00,4332.26,4332.26,4332.26,4332.26,0.025,4332.26
2017-08-17 23:33:00+00:00,4332.26,4332.26,4332.26,4332.26,0.125806,4332.26
2017-08-17 23:34:00+00:00,4332.26,4332.26,4332.26,4332.26,0.040722,4332.26
2017-08-17 23:35:00+00:00,4332.26,4332.26,4332.26,4332.26,0.0,4332.26
2017-08-17 23:36:00+00:00,4332.26,4332.26,4332.26,4332.26,0.31325,4328.25
2017-08-17 23:37:00+00:00,4332.26,4332.26,4332.26,4332.26,0.14932,4328.25
2017-08-17 23:38:00+00:00,4332.26,4332.26,4332.26,4332.26,0.120446,4328.25
2017-08-17 23:39:00+00:00,4332.26,4332.26,4332.26,4332.26,0.101869,4328.25
2017-08-17 23:40:00+00:00,4332.26,4332.26,4332.26,4332.26,0.209722,4314.0
2017-08-17 23:41:00+00:00,4332.26,4332.26,4328.25,4328.25,1.911551,4302.15
2017-08-17 23:42:00+00:00,4328.25,4328.25,4328.25,4328.25,0.023,4289.09
2017-08-17 23:43:00+00:00,4328.25,4328.25,4328.25,4328.25,0.436609,4289.09
2017-08-17 23:44:00+00:00,4314.13,4328.25,4314.13,4328.25,6.702118,4299.13
2017-08-17 23:45:00+00:00,4325.82,4332.26,4314.0,4314.0,3.277737,4298.6
2017-08-17 23:46:00+00:00,4302.15,4302.15,4302.15,4302.15,0.084845,4317.33
2017-08-17 23:47:00+00:00,4301.07,4302.15,4289.09,4289.09,9.607706,4280.82
2017-08-17 23:48:00+00:00,4289.09,4289.09,4289.09,4289.09,0.796202,4280.82
2017-08-17 23:49:00+00:00,4305.66,4305.66,4299.13,4299.13,1.615494,4280.82
2017-08-17 23:50:00+00:00,4280.82,4317.33,4280.82,4298.6,5.469861,4285.08
2017-08-17 23:51:00+00:00,4298.6,4317.33,4298.6,4317.33,3.191724,4285.08
2017-08-17 23:52:00+00:00,4307.84,4307.84,4280.82,4280.82,0.914094,4285.08
2017-08-17 23:53:00+00:00,4280.82,4280.82,4280.82,4280.82,1.794403,4285.08
2017-08-17 23:54:00+00:00,4280.82,4280.82,4280.82,4280.82,2.519115,4285.08
2017-08-17 23:55:00+00:00,4305.75,4305.75,4285.08,4285.08,0.436319,4285.08
2017-08-17 23:56:00+00:00,4285.08,4285.08,4285.08,4285.08,0.425653,4285.08
2017-08-17 23:57:00+00:00,4285.08,4285.08,4285.08,4285.08,0.852455,4285.08
2017-08-17 23:58:00+00:00,4285.08,4285.08,4285.08,4285.08,0.423054,4287.09
2017-08-17 23:59:00+00:00,4285.08,4285.08,4285.08,4285.08,0.0,4287.09
2017-08-18 00:00:00+00:00,4285.08,4285.08,4285.08,4285.08,0.022196,4290.57
2017-08-18 00:01:00+00:00,4285.08,4285.08,4285.08,4285.08,0.46342,4290.57
2017-08-18 00:02:00+00:00,4285.08,4285.08,4285.08,4285.08,0.215048,4290.57
2017-08-18 00:03:00+00:00,4285.08,4287.09,4285.08,4287.09,0.926866,4292.1
2017-08-18 00:04:00+00:00,4287.09,4287.09,4287.09,4287.09,1.335457,4292.1
2017-08-18 00:05:00+00:00,4267.78,4290.57,4267.78,4290.57,3.928621,4305.76
2017-08-18 00:06:00+00:00,4290.57,4290.57,4290.57,4290.57,0.519288,4305.76
2017-08-18 00:07:00+00:00,4290.57,4290.57,4290.57,4290.57,0.665807,4305.75
2017-08-18 00:08:00+00:00,4290.57,4292.1,4290.57,4292.1,0.406305,4305.76
2017-08-18 00:09:00+00:00,4292.1,4292.1,4292.1,4292.1,0.0,4305.76
2017-08-18 00:10:00+00:00,4305.76,4305.76,4305.76,4305.76,0.165819,4309.08
2017-08-18 00:11:00+00:00,4305.76,4305.76,4305.76,4305.76,0.388614,4302.15
2017-08-18 00:12:00+00:00,4304.76,4305.75,4304.76,4305.75,1.04232,4302.15
2017-08-18 00:13:00+00:00,4305.76,4305.76,4305.76,4305.76,0.378726,4303.83
2017-08-18 00:14:00+00:00,4305.76,4305.76,4305.76,4305.76,0.0,4303.83
2017-08-18 00:15:00+00:00,4309.08,4309.08,4309.08,4309.08,0.028756,4303.83
2017-08-18 00:16:00+00:00,4289.53,4309.08,4289.53,4302.15,4.29281,4303.83
2017-08-18 00:17:00+00:00,4302.15,4302.15,4302.15,4302.15,2.475285,4303.83
2017-08-18 00:18:00+00:00,4303.83,4303.83,4302.15,4303.83,0.36522,4303.83
2017-08-18 00:19:00+00:00,4303.83,4303.83,4303.83,4303.83,0.0,4303.83
2017-08-18 00:20:00+00:00,4303.83,4303.83,4303.83,4303.83,0.377514,4304.49
2017-08-18 00:21:00+00:00,4303.83,4303.83,4303.83,4303.83,0.0,4304.49
2017-08-18 00:22:00+00:00,4303.83,4303.83,4303.83,4303.83,0.366999,4304.49
2017-08-18 00:23:00+00:00,4303.83,4303.83,4303.83,4303.83,0.625428,4304.49
2017-08-18 00:24:00+00:00,4285.85,4303.83,4285.85,4303.83,4.475604,4292.11
2017-08-18 00:25:00+00:00,4309.92,4309.92,4304.49,4304.49,0.971997,4292.11
2017-08-18 00:26:00+00:00,4304.49,4304.49,4304.49,4304.49,0.47615,4292.11
2017-08-18 00:27:00+00:00,4304.49,4304.49,4304.49,4304.49,0.861994,4292.11
2017-08-18 00:28:00+00:00,4304.49,4304.49,4304.49,4304.49,0.0,4309.15
2017-08-18 00:29:00+00:00,4292.11,4292.11,4292.11,4292.11,0.595227,4309.15
2017-08-18 00:30:00+00:00,4292.11,4292.11,4292.11,4292.11,0.281846,4309.15
2017-08-18 00:31:00+00:00,4292.11,4292.11,4292.11,4292.11,1.083553,4309.15
2017-08-18 00:32:00+00:00,4309.15,4309.15,4292.11,4292.11,0.724009,4309.15
2017-08-18 00:33:00+00:00,4309.15,4309.15,4309.15,4309.15,0.7171,4309.15
2017-08-18 00:34:00+00:00,4286.01,4309.15,4286.01,4309.15,4.743292,4309.15
2017-08-18 00:35:00+00:00,4309.15,4309.15,4309.15,4309.15,0.137253,4309.15
2017-08-18 00:36:00+00:00,4309.15,4309.15,4309.15,4309.15,0.689446,4309.15
2017-08-18 00:37:00+00:00,4309.15,4309.15,4309.15,4309.15,0.0,4307.72
2017-08-18 00:38:00+00:00,4309.15,4309.15,4309.15,4309.15,0.192544,4307.72
2017-08-18 00:39:00+00:00,4309.15,4309.15,4309.15,4309.15,0.3452,4302.15
2017-08-18 00:40:00+00:00,4309.15,4309.15,4309.15,4309.15,0.176821,4282.51
2017-08-18 00:41:00+00:00,4309.15,4309.15,4309.15,4309.15,0.0,4302.15
2017-08-18 00:42:00+00:00,4309.15,4309.15,4307.72,4307.72,2.595821,4302.15
2017-08-18 00:43:00+00:00,4307.72,4307.72,4307.72,4307.72,0.458212,4298.64
2017-08-18 00:44:00+00:00,4307.72,4307.72,4302.15,4302.15,0.397427,4284.76
2017-08-18 00:45:00+00:00,4282.51,4282.51,4282.51,4282.51,3.689357,4264.88
2017-08-18 00:46:00+00:00,4302.15,4302.15,4302.15,4302.15,0.09428,4284.76
2017-08-18 00:47:00+00:00,4302.15,4305.13,4302.15,4302.15,2.667458,4281.57
2017-08-18 00:48:00+00:00,4302.15,4340.62,4298.64,4298.64,8.71709,4281.57
2017-08-18 00:49:00+00:00,4284.76,4284.76,4284.76,4284.76,1.243826,4251.95
2017-08-18 00:50:00+00:00,4264.88,4264.88,4264.88,4264.88,3.627865,4273.46
2017-08-18 00:51:00+00:00,4284.76,4284.76,4284.76,4284.76,1.812598,4228.76
2017-08-18 00:52:00+00:00,4245.0,4281.57,4243.97,4281.57,3.251041,4267.0
2017-08-18 00:53:00+00:00,4281.57,4281.57,4281.57,4281.57,1.74517,4286.53
2017-08-18 00:54:00+00:00,4284.46,4284.46,4251.95,4251.95,2.71919,4286.53
2017-08-18 00:55:00+00:00,4251.1,4282.07,4251.1,4273.46,7.380516,4269.36
2017-08-18 00:56:00+00:00,4273.46,4273.46,4228.76,4228.76,0.932735,4254.84
2017-08-18 00:57:00+00:00,4249.32,4286.53,4249.32,4267.0,4.902438,4254.84
2017-08-18 00:58:00+00:00,4267.0,4286.53,4267.0,4286.53,0.479088,4254.84
2017-08-18 00:59:00+00:00,4267.0,4286.53,4267.0,4286.53,0.258827,4269.36
2017-08-18 01:00:00+00:00,4269.36,4269.36,4268.0,4269.36,0.401819,4255.0
2017-08-18 01:01:00+00:00,4254.84,4254.84,4254.84,4254.84,1.710612,4237.46
2017-08-18 01:02:00+00:00,4224.93,4254.84,4200.0,4254.84,7.356703,4237.0
2017-08-18 01:03:00+00:00,4254.84,4254.84,4254.84,4254.84,0.0,4254.0
2017-08-18 01:04:00+00:00,4269.36,4269.36,4269.36,4269.36,0.07,4255.44
2017-08-18 01:05:00+00:00,4255.44,4255.44,4255.0,4255.0,0.070274,4255.44
2017-08-18 01:06:00+00:00,4237.46,4237.46,4237.46,4237.46,3.561109,4269.36
2017-08-18 01:07:00+00:00,4237.0,4255.0,4237.0,4237.0,0.643688,4269.36
2017-08-18 01:08:00+00:00,4254.0,4254.0,4254.0,4254.0,0.1,4251.4
2017-08-18 01:09:00+00:00,4254.0,4255.44,4254.0,4255.44,0.825317,4251.4
2017-08-18 01:10:00+00:00,4255.44,4255.44,4255.44,4255.44,1.005583,4216.81
2017-08-18 01:11:00+00:00,4269.36,4269.36,4269.36,4269.36,0.857563,4234.86
2017-08-18 01:12:00+00:00,4269.36,4269.36,4269.36,4269.36,0.0,4216.81
2017-08-18 01:13:00+00:00,4251.4,4251.4,4251.4,4251.4,0.425598,4196.73
2017-08-18 01:14:00+00:00,4251.4,4251.4,4251.4,4251.4,1.730957,4142.67
2017-08-18 01:15:00+00:00,4216.81,4216.81,4216.81,4216.81,0.119,4172.81
2017-08-18 01:16:00+00:00,4191.02,4238.89,4191.02,4234.86,1.006869,4196.73
2017-08-18 01:17:00+00:00,4216.81,4216.81,4216.81,4216.81,0.002813,4164.28
2017-08-18 01:18:00+00:00,4216.8,4216.8,4196.73,4196.73,0.591026,4196.73
2017-08-18 01:19:00+00:00,4164.02,4195.0,4142.67,4142.67,4.955432,4202.75
2017-08-18 01:20:00+00:00,4172.81,4172.81,4172.81,4172.81,3.5927,4202.75
2017-08-18 01:21:00+00:00,4184.12,4196.73,4134.61,4196.73,6.017707,4219.88
2017-08-18 01:22:00+00:00,4173.47,4173.47,4152.08,4164.28,9.96533,4214.97
2017-08-18 01:23:00+00:00,4196.73,4196.73,4196.73,4196.73,2.562302,4214.97
2017-08-18 01:24:00+00:00,4202.75,4202.75,4202.75,4202.75,0.549446,4214.97
2017-08-18 01:25:00+00:00,4202.75,4202.75,4202.75,4202.75,0.832481,4214.97
2017-08-18 01:26:00+00:00,4202.75,4219.88,4202.75,4219.88,2.158637,4214.97
2017-08-18 01:27:00+00:00,4214.97,4214.97,4214.97,4214.97,0.941545,4223.0
2017-08-18 01:28:00+00:00,4214.97,4214.97,4214.97,4214.97,0.718938,4223.0
2017-08-18 01:29:00+00:00,4214.97,4214.97,4214.97,4214.97,0.539728,4223.0
2017-08-18 01:30:00+00:00,4214.97,4214.97,4214.97,4214.97,0.118928,4223.0
2017-08-18 01:31:00+00:00,4214.97,4214.97,4214.97,4214.97,0.002558,4223.0
2017-08-18 01:32:00+00:00,4214.97,4223.0,4214.97,4223.0,0.170661,4223.0
2017-08-18 01:33:00+00:00,4223.0,4223.0,4223.0,4223.0,0.0,4216.34
2017-08-18 01:34:00+00:00,4223.0,4223.0,4223.0,4223.0,0.17153,4202.73
2017-08-18 01:35:00+00:00,4223.0,4223.0,4223.0,4223.0,0.246587,4202.73
2017-08-18 01:36:00+00:00,4200.6,4223.0,4200.6,4223.0,5.068602,4221.87
2017-08-18 01:37:00+00:00,4223.0,4223.0,4223.0,4223.0,0.0,4221.87
2017-08-18 01:38:00+00:00,4202.73,4216.34,4202.73,4216.34,0.780929,4231.61
2017-08-18 01:39:00+00:00,4202.73,4202.73,4202.73,4202.73,0.40505,4231.61
2017-08-18 01:40:00+00:00,4202.73,4202.73,4202.73,4202.73,0.0,4231.61
2017-08-18 01:41:00+00:00,4221.87,4221.87,4221.87,4221.87,0.636576,4231.61
2017-08-18 01:42:00+00:00,4221.87,4221.87,4221.87,4221.87,0.383777,4238.88
2017-08-18 01:43:00+00:00,4221.87,4231.61,4221.87,4231.61,0.29527,4238.88
2017-08-18 01:44:00+00:00,4212.65,4231.61,4212.65,4231.61,3.762433,4238.89
2017-08-18 01:45:00+00:00,4231.61,4238.89,4231.61,4231.61,0.270654,4238.89
2017-08-18 01:46:00+00:00,4231.61,4231.61,4231.61,4231.61,0.415498,4238.89
2017-08-18 01:47:00+00:00,4238.88,4238.88,4238.88,4238.88,0.214518,4238.89
2017-08-18 01:48:00+00:00,4238.88,4238.88,4238.88,4238.88,0.374562,4255.66
2017-08-18 01:49:00+00:00,4238.88,4238.89,4238.88,4238.89,0.283335,4255.66
2017-08-18 01:50:00+00:00,4238.89,4238.89,4238.89,4238.89,0.0,4269.36
2017-08-18 01:51:00+00:00,4238.89,4238.89,4238.89,4238.89,0.25109,4269.36
2017-08-18 01:52:00+00:00,4238.89,4238.89,4238.89,4238.89,0.48823,4266.26
2017-08-18 01:53:00+00:00,4238.89,4255.66,4238.89,4255.66,2.398674,4243.59
2017-08-18 01:54:00+00:00,4255.66,4255.66,4255.66,4255.66,0.687463,4243.59
2017-08-18 01:55:00+00:00,4255.66,4269.36,4255.66,4269.36,0.759472,4251.95
2017-08-18 01:56:00+00:00,4269.36,4269.36,4269.36,4269.36,0.0,4251.95
2017-08-18 01:57:00+00:00,4266.26,4266.26,4266.26,4266.26,0.530584,4251.95
2017-08-18 01:58:00+00:00,4243.59,4243.59,4243.59,4243.59,3.654725,4251.95
2017-08-18 01:59:00+00:00,4243.59,4243.59,4243.59,4243.59,0.0,4251.95
2017-08-18 02:00:00+00:00,4251.95,4251.95,4251.95,4251.95,0.31669,4251.95
2017-08-18 02:01:00+00:00,4251.95,4251.95,4251.95,4251.95,0.189929,4247.93
2017-08-18 02:02:00+00:00,4251.95,4251.95,4251.95,4251.95,0.102037,4247.93
2017-08-18 02:03:00+00:00,4251.95,4251.95,4251.95,4251.95,0.61712,4247.93
2017-08-18 02:04:00+00:00,4251.95,4251.95,4251.95,4251.95,1.084409,4262.14
2017-08-18 02:05:00+00:00,4266.26,4266.26,4251.95,4251.95,1.751691,4262.14
2017-08-18 02:06:00+00:00,4248.93,4248.93,4247.93,4247.93,2.207114,4262.14
2017-08-18 02:07:00+00:00,4247.93,4247.93,4247.93,4247.93,0.25804,4262.14
2017-08-18 02:08:00+00:00,4234.43,4247.93,4234.43,4247.93,4.040447,4281.51
2017-08-18 02:09:00+00:00,4247.93,4262.14,4247.93,4262.14,2.863564,4286.53
2017-08-18 02:10:00+00:00,4262.14,4262.14,4262.14,4262.14,0.34856,4286.53
2017-08-18 02:11:00+00:00,4262.14,4262.14,4262.14,4262.14,0.0,4286.53
2017-08-18 02:12:00+00:00,4262.14,4262.14,4234.0,4262.14,1.355542,4283.61
2017-08-18 02:13:00+00:00,4262.14,4281.51,4262.14,4281.51,0.469758,4281.51
2017-08-18 02:14:00+00:00,4283.29,4286.53,4281.51,4286.53,1.299133,4278.87
2017-08-18 02:15:00+00:00,4286.53,4286.53,4286.53,4286.53,0.073182,4277.04
2017-08-18 02:16:00+00:00,4286.53,4286.53,4286.53,4286.53,0.215,4277.04
2017-08-18 02:17:00+00:00,4286.53,4286.53,4283.61,4283.61,0.861883,4277.04
2017-08-18 02:18:00+00:00,4283.61,4283.61,4281.51,4281.51,7.660003,4277.04
2017-08-18 02:19:00+00:00,4278.87,4298.64,4278.87,4278.87,0.713139,4277.04
2017-08-18 02:20:00+00:00,4278.87,4278.87,4277.04,4277.04,4.916208,4277.04
2017-08-18 02:21:00+00:00,4277.04,4277.04,4277.04,4277.04,1.617968,4277.04
2017-08-18 02:22:00+00:00,4277.04,4277.04,4277.04,4277.04,0.061043,4278.05
2017-08-18 02:23:00+00:00,4277.04,4277.04,4277.04,4277.04,0.015663,4278.05
2017-08-18 02:24:00+00:00,4277.04,4277.04,4277.04,4277.04,0.185171,4278.05
2017-08-18 02:25:00+00:00,4255.88,4277.04,4255.88,4277.04,3.884124,4278.05
2017-08-18 02:26:00+00:00,4277.04,4277.04,4277.04,4277.04,0.843809,4264.51
2017-08-18 02:27:00+00:00,4277.04,4278.05,4277.04,4278.05,0.529289,4264.5
2017-08-18 02:28:00+00:00,4278.05,4278.05,4278.05,4278.05,0.737127,4264.51
2017-08-18 02:29:00+00:00,4278.05,4278.05,4278.05,4278.05,0.354312,4264.51
2017-08-18 02:30:00+00:00,4278.05,4278.05,4278.05,4278.05,0.0,4264.51
2017-08-18 02:31:00+00:00,4278.05,4278.05,4264.51,4264.51,0.767242,4264.51
2017-08-18 02:32:00+00:00,4264.5,4264.51,4264.5,4264.5,0.832365,4264.51
2017-08-18 02:33:00+00:00,4242.75,4264.51,4242.75,4264.51,3.906649,4260.98
2017-08-18 02:34:00+00:00,4264.51,4264.51,4264.51,4264.51,0.097411,4260.98
2017-08-18 02:35:00+00:00,4264.51,4264.51,4264.51,4264.51,0.187199,4260.98
2017-08-18 02:36:00+00:00,4264.51,4264.51,4264.51,4264.51,0.0,4260.98
2017-08-18 02:37:00+00:00,4264.51,4264.51,4264.51,4264.51,0.0,4252.95
2017-08-18 02:38:00+00:00,4264.51,4264.51,4260.98,4260.98,0.510557,4252.95
2017-08-18 02:39:00+00:00,4260.98,4260.98,4260.98,4260.98,0.048,4252.95
2017-08-18 02:40:00+00:00,4260.98,4260.98,4260.98,4260.98,0.267914,4252.95
2017-08-18 02:41:00+00:00,4260.98,4260.98,4260.98,4260.98,0.411138,4252.95
2017-08-18 02:42:00+00:00,4252.95,4252.95,4252.95,4252.95,0.610605,4252.95
2017-08-18 02:43:00+00:00,4252.95,4252.95,4252.95,4252.95,0.264951,4267.59
2017-08-18 02:44:00+00:00,4252.95,4252.95,4252.95,4252.95,0.0,4267.59
2017-08-18 02:45:00+00:00,4252.95,4252.95,4252.95,4252.95,0.486871,4267.59
2017-08-18 02:46:00+00:00,4252.95,4252.95,4252.95,4252.95,0.647787,4267.59
2017-08-18 02:47:00+00:00,4252.95,4252.95,4252.95,4252.95,0.355395,4267.59
2017-08-18 02:48:00+00:00,4252.95,4267.59,4252.95,4267.59,0.314607,4244.79
2017-08-18 02:49:00+00:00,4267.59,4267.59,4267.59,4267.59,0.0,4267.59
2017-08-18 02:50:00+00:00,4267.59,4267.59,4267.59,4267.59,0.08915,4267.59
2017-08-18 02:51:00+00:00,4267.59,4267.59,4267.59,4267.59,0.038615,4267.59
2017-08-18 02:52:00+00:00,4267.59,4267.59,4267.59,4267.59,0.078397,4267.59
2017-08-18 02:53:00+00:00,4244.79,4244.79,4244.79,4244.79,3.491041,4267.59
2017-08-18 02:54:00+00:00,4267.59,4267.59,4267.59,4267.59,0.093882,4267.59
2017-08-18 02:55:00+00:00,4267.59,4267.59,4267.59,4267.59,0.071583,4244.77
2017-08-18 02:56:00+00:00,4267.59,4267.59,4267.59,4267.59,0.191418,4278.05
2017-08-18 02:57:00+00:00,4267.59,4267.59,4267.59,4267.59,0.131604,4244.77
2017-08-18 02:58:00+00:00,4267.59,4267.59,4267.59,4267.59,0.375098,4278.05
2017-08-18 02:59:00+00:00,4267.59,4267.59,4267.59,4267.59,0.229903,4278.05
2017-08-18 03:00:00+00:00,4244.77,4267.59,4244.77,4244.77,0.657267,4279.86
2017-08-18 03:01:00+00:00,4267.59,4278.05,4267.59,4278.05,0.643297,4282.49
2017-08-18 03:02:00+00:00,4244.77,4244.77,4244.77,4244.77,0.216,4282.49
2017-08-18 03:03:00+00:00,4278.05,4278.05,4278.05,4278.05,0.45656,4282.49
2017-08-18 03:04:00+00:00,4278.05,4278.05,4278.05,4278.05,0.055644,4282.49
2017-08-18 03:05:00+00:00,4279.86,4279.86,4278.05,4279.86,0.387081,4282.49
2017-08-18 03:06:00+00:00,4279.86,4282.49,4279.86,4282.49,1.765741,4282.49
2017-08-18 03:07:00+00:00,4282.49,4282.49,4282.49,4282.49,0.023925,4282.49
2017-08-18 03:08:00+00:00,4282.49,4282.49,4282.49,4282.49,0.092336,4305.39
2017-08-18 03:09:00+00:00,4282.49,4282.49,4282.49,4282.49,0.076055,4308.7
2017-08-18 03:10:00+00:00,4282.49,4282.49,4282.49,4282.49,0.085996,4308.7
2017-08-18 03:11:00+00:00,4282.49,4282.49,4282.49,4282.49,0.564284,4298.3
2017-08-18 03:12:00+00:00,4282.49,4282.49,4282.49,4282.49,0.980584,4298.3
2017-08-18 03:13:00+00:00,4282.49,4305.39,4282.49,4305.39,1.450232,4283.07
2017-08-18 03:14:00+00:00,4305.39,4308.7,4305.39,4308.7,1.144928,4263.92
2017-08-18 03:15:00+00:00,4308.7,4308.7,4306.57,4308.7,1.657483,4283.07
2017-08-18 03:16:00+00:00,4298.3,4298.3,4298.3,4298.3,0.489,4275.36
2017-08-18 03:17:00+00:00,4298.3,4298.3,4298.3,4298.3,0.0,4275.36
2017-08-18 03:18:00+00:00,4283.07,4283.07,4283.07,4283.07,0.579357,4296.44
2017-08-18 03:19:00+00:00,4263.92,4263.92,4263.92,4263.92,3.557366,4296.44
2017-08-18 03:20:00+00:00,4283.07,4283.07,4275.36,4283.07,2.815774,4296.44
2017-08-18 03:21:00+00:00,4275.36,4275.36,4275.36,4275.36,1.431602,4296.44
2017-08-18 03:22:00+00:00,4275.36,4298.3,4275.36,4275.36,2.311412,4296.44
2017-08-18 03:23:00+00:00,4298.3,4298.3,4296.44,4296.44,0.803199,4280.33
2017-08-18 03:24:00+00:00,4296.44,4296.44,4296.44,4296.44,0.0,4244.77
2017-08-18 03:25:00+00:00,4296.44,4296.44,4296.44,4296.44,0.072977,4234.0
2017-08-18 03:26:00+00:00,4296.44,4296.44,4296.44,4296.44,0.113855,4244.77
2017-08-18 03:27:00+00:00,4270.6,4296.44,4270.6,4296.44,4.025781,4277.83
2017-08-18 03:28:00+00:00,4296.44,4296.44,4280.33,4280.33,1.307075,4257.97
2017-08-18 03:29:00+00:00,4280.33,4280.33,4244.77,4244.77,1.328216,4254.28
2017-08-18 03:30:00+00:00,4244.77,4280.33,4234.0,4234.0,2.016993,4254.28
2017-08-18 03:31:00+00:00,4244.77,4244.77,4244.77,4244.77,0.542547,4254.28
2017-08-18 03:32:00+00:00,4244.77,4277.83,4244.77,4277.83,1.809523,4254.28
2017-08-18 03:33:00+00:00,4239.98,4257.97,4239.98,4257.97,5.182652,4254.28
2017-08-18 03:34:00+00:00,4254.28,4254.28,4254.28,4254.28,1.561371,4277.83
2017-08-18 03:35:00+00:00,4254.28,4254.28,4254.28,4254.28,0.935545,4277.83
2017-08-18 03:36:00+00:00,4254.28,4254.28,4254.28,4254.28,0.023162,4277.83
2017-08-18 03:37:00+00:00,4254.28,4254.28,4254.28,4254.28,0.695622,4277.81
2017-08-18 03:38:00+00:00,4254.28,4254.28,4254.28,4254.28,1.01104,4277.81
2017-08-18 03:39:00+00:00,4277.83,4277.83,4277.83,4277.83,0.115648,4277.81
2017-08-18 03:40:00+00:00,4277.83,4277.83,4277.83,4277.83,0.512776,4277.81
2017-08-18 03:41:00+00:00,4277.83,4277.83,4277.83,4277.83,0.0,4277.81
2017-08-18 03:42:00+00:00,4277.81,4277.81,4277.81,4277.81,0.126645,4277.81
2017-08-18 03:43:00+00:00,4262.88,4277.81,4262.88,4277.81,3.767696,4296.44
2017-08-18 03:44:00+00:00,4277.81,4277.81,4277.81,4277.81,0.0,4296.6
2017-08-18 03:45:00+00:00,4277.81,4277.81,4277.81,4277.81,0.252303,4296.6
2017-08-18 03:46:00+00:00,4277.81,4277.81,4277.81,4277.81,0.292213,4288.14
2017-08-18 03:47:00+00:00,4277.81,4280.33,4277.81,4277.81,0.745918,4288.14
2017-08-18 03:48:00+00:00,4280.33,4296.44,4280.33,4296.44,1.053322,4288.14
2017-08-18 03:49:00+00:00,4280.33,4296.6,4280.33,4296.6,3.545781,4288.15
2017-08-18 03:50:00+00:00,4296.6,4296.6,4288.14,4296.6,2.115799,4288.15
2017-08-18 03:51:00+00:00,4288.14,4288.14,4288.14,4288.14,0.082617,4288.15
2017-08-18 03:52:00+00:00,4288.14,4288.14,4288.14,4288.14,1.190071,4288.15
2017-08-18 03:53:00+00:00,4288.14,4288.14,4288.14,4288.14,0.12816,4278.86
2017-08-18 03:54:00+00:00,4288.15,4288.15,4288.15,4288.15,0.399927,4292.39
2017-08-18 03:55:00+00:00,4288.15,4288.15,4288.15,4288.15,0.033918,4292.39
2017-08-18 03:56:00+00:00,4288.15,4288.15,4288.15,4288.15,0.841782,4292.39
2017-08-18 03:57:00+00:00,4269.07,4288.15,4269.07,4288.15,3.672821,4292.39
2017-08-18 03:58:00+00:00,4278.86,4278.86,4278.86,4278.86,0.021,4292.39
2017-08-18 03:59:00+00:00,4278.86,4292.39,4278.86,4292.39,2.23147,4269.26
2017-08-18 04:00:00+00:00,4292.39,4292.39,4292.39,4292.39,0.885354,4269.01
2017-08-18 04:01:00+00:00,4292.39,4292.39,4292.39,4292.39,0.0,4269.01
2017-08-18 04:02:00+00:00,4292.39,4292.39,4292.39,4292.39,0.163824,4269.01
2017-08-18 04:03:00+00:00,4292.39,4292.39,4292.39,4292.39,0.0,4269.01
2017-08-18 04:04:00+00:00,4269.26,4269.26,4269.26,4269.26,0.988305,4269.01
2017-08-18 04:05:00+00:00,4269.01,4269.01,4269.01,4269.01,0.557007,4269.01
2017-08-18 04:06:00+00:00,4269.01,4269.01,4269.01,4269.01,0.0,4266.56
2017-08-18 04:07:00+00:00,4269.01,4269.01,4269.01,4269.01,0.59196,4266.56
2017-08-18 04:08:00+00:00,4269.01,4269.01,4269.01,4269.01,0.339186,4252.01
2017-08-18 04:09:00+00:00,4269.01,4269.01,4269.01,4269.01,0.320267,4252.01
2017-08-18 04:10:00+00:00,4269.01,4269.01,4269.01,4269.01,0.0,4266.56
2017-08-18 04:11:00+00:00,4266.56,4266.56,4266.56,4266.56,0.54677,4247.93
2017-08-18 04:12:00+00:00,4266.56,4266.56,4266.56,4266.56,0.219889,4247.93
2017-08-18 04:13:00+00:00,4258.27,4266.56,4252.01,4252.01,3.797227,4247.93
2017-08-18 04:14:00+00:00,4252.01,4252.01,4252.01,4252.01,0.555117,4251.67
2017-08-18 04:15:00+00:00,4252.01,4266.56,4252.0,4266.56,0.704951,4248.93
2017-08-18 04:16:00+00:00,4266.56,4266.56,4247.93,4247.93,1.421804,4247.93
2017-08-18 04:17:00+00:00,4247.93,4247.93,4247.93,4247.93,0.805067,4247.93
2017-08-18 04:18:00+00:00,4247.93,4247.93,4247.93,4247.93,0.128284,4245.0
2017-08-18 04:19:00+00:00,4248.93,4251.67,4248.93,4251.67,2.327955,4246.92
2017-08-18 04:20:00+00:00,4251.67,4251.67,4248.93,4248.93,0.85731,4245.0
2017-08-18 04:21:00+00:00,4247.93,4247.93,4247.93,4247.93,0.706155,4245.0
2017-08-18 04:22:00+00:00,4245.0,4247.93,4245.0,4247.93,0.153006,4245.0
2017-08-18 04:23:00+00:00,4234.43,4247.93,4234.43,4245.0,4.715518,4245.0
2017-08-18 04:24:00+00:00,4245.0,4246.92,4245.0,4246.92,0.717039,4245.0
2017-08-18 04:25:00+00:00,4245.0,4246.92,4245.0,4245.0,0.586919,4246.92
2017-08-18 04:26:00+00:00,4245.0,4245.0,4245.0,4245.0,6.7e-05,4246.92
2017-08-18 04:27:00+00:00,4245.0,4245.0,4245.0,4245.0,1.134621,4266.56
2017-08-18 04:28:00+00:00,4245.0,4245.0,4245.0,4245.0,0.612417,4273.03
2017-08-18 04:29:00+00:00,4245.0,4245.0,4245.0,4245.0,1.618947,4253.85
2017-08-18 04:30:00+00:00,4245.0,4246.92,4245.0,4246.92,0.120379,4234.67
2017-08-18 04:31:00+00:00,4246.92,4246.92,4246.92,4246.92,0.143778,4271.01
2017-08-18 04:32:00+00:00,4246.92,4266.56,4246.92,4266.56,1.364671,4271.01
2017-08-18 04:33:00+00:00,4266.56,4284.79,4266.56,4273.03,1.54385,4271.02
2017-08-18 04:34:00+00:00,4253.85,4253.85,4253.85,4253.85,3.405421,4271.02
2017-08-18 04:35:00+00:00,4273.03,4273.03,4234.67,4234.67,1.632973,4271.02
2017-08-18 04:36:00+00:00,4271.01,4271.01,4271.01,4271.01,0.256045,4271.02
2017-08-18 04:37:00+00:00,4271.01,4271.01,4271.01,4271.01,3.715697,4271.02
2017-08-18 04:38:00+00:00,4271.01,4271.02,4271.01,4271.02,0.263627,4271.02
2017-08-18 04:39:00+00:00,4271.02,4271.02,4271.02,4271.02,0.529683,4271.02
2017-08-18 04:40:00+00:00,4271.02,4271.02,4271.02,4271.02,0.071334,4271.02
2017-08-18 04:41:00+00:00,4271.02,4271.02,4271.02,4271.02,0.0,4284.74
2017-08-18 04:42:00+00:00,4271.02,4271.02,4271.02,4271.02,1.497569,4284.74
2017-08-18 04:43:00+00:00,4271.02,4271.02,4271.02,4271.02,0.492294,4284.74
2017-08-18 04:44:00+00:00,4271.02,4271.02,4271.02,4271.02,0.053759,4285.99
2017-08-18 04:45:00+00:00,4271.02,4271.02,4271.02,4271.02,0.0,4271.02
2017-08-18 04:46:00+00:00,4292.39,4292.39,4284.74,4284.74,0.221917,4271.02
2017-08-18 04:47:00+00:00,4284.74,4284.74,4284.74,4284.74,1.006934,4285.99
2017-08-18 04:48:00+00:00,4284.74,4284.74,4284.74,4284.74,0.279331,4287.92
2017-08-18 04:49:00+00:00,4284.74,4285.99,4284.74,4285.99,0.803057,4287.92
2017-08-18 04:50:00+00:00,4278.5,4278.5,4271.02,4271.02,3.429865,4287.92
2017-08-18 04:51:00+00:00,4271.02,4271.02,4271.02,4271.02,0.543217,4287.92
2017-08-18 04:52:00+00:00,4285.99,4285.99,4285.99,4285.99,1.271331,4287.92
2017-08-18 04:53:00+00:00,4285.99,4287.92,4285.99,4287.92,0.694155,4287.92
2017-08-18 04:54:00+00:00,4287.92,4287.92,4287.92,4287.92,0.075192,4287.92
2017-08-18 04:55:00+00:00,4287.92,4287.92,4287.92,4287.92,0.770396,4287.92
2017-08-18 04:56:00+00:00,4287.92,4287.92,4287.92,4287.92,0.393367,4287.92
2017-08-18 04:57:00+00:00,4287.92,4287.92,4287.92,4287.92,0.30215,4287.92
2017-08-18 04:58:00+00:00,4287.92,4287.92,4287.92,4287.92,0.460557,4287.92
2017-08-18 04:59:00+00:00,4287.92,4287.92,4287.92,4287.92,0.0,4280.0
2017-08-18 05:00:00+00:00,4287.92,4287.92,4287.92,4287.92,0.167931,4280.0
2017-08-18 05:01:00+00:00,4287.92,4287.92,4287.92,4287.92,0.503424,4280.0
2017-08-18 05:02:00+00:00,4268.97,4287.92,4268.97,4287.92,3.935715,4280.0
2017-08-18 05:03:00+00:00,4280.0,4287.92,4280.0,4287.92,1.463686,4280.0
2017-08-18 05:04:00+00:00,4280.0,4280.0,4280.0,4280.0,1.260439,4280.0
2017-08-18 05:05:00+00:00,4280.0,4280.0,4280.0,4280.0,0.0,4292.39
2017-08-18 05:06:00+00:00,4280.0,4280.0,4280.0,4280.0,2.985606,4292.39
2017-08-18 05:07:00+00:00,4280.0,4280.0,4263.01,4280.0,0.434502,4292.39
2017-08-18 05:08:00+00:00,4280.0,4280.0,4280.0,4280.0,0.306884,4292.39
2017-08-18 05:09:00+00:00,4280.0,4280.0,4280.0,4280.0,0.438931,4293.8
2017-08-18 05:10:00+00:00,4280.0,4292.39,4280.0,4292.39,0.37462,4282.8
2017-08-18 05:11:00+00:00,4292.39,4292.39,4292.39,4292.39,0.075027,4292.76
2017-08-18 05:12:00+00:00,4292.39,4292.39,4292.39,4292.39,0.179731,4319.93
2017-08-18 05:13:00+00:00,4292.39,4292.39,4292.39,4292.39,0.231601,4319.93
2017-08-18 05:14:00+00:00,4263.01,4293.8,4250.04,4293.8,3.848565,4290.77
2017-08-18 05:15:00+00:00,4278.06,4282.8,4278.06,4282.8,3.740429,4319.93
2017-08-18 05:16:00+00:00,4308.88,4308.88,4282.8,4292.76,1.76495,4319.93
2017-08-18 05:17:00+00:00,4308.88,4319.93,4292.76,4319.93,5.021264,4319.93
2017-08-18 05:18:00+00:00,4319.93,4319.93,4319.93,4319.93,1.51298,4319.93
2017-08-18 05:19:00+00:00,4290.77,4290.77,4290.77,4290.77,0.035,4319.93
2017-08-18 05:20:00+00:00,4319.93,4319.93,4319.93,4319.93,0.089773,4317.21
2017-08-18 05:21:00+00:00,4319.93,4319.93,4319.93,4319.93,0.028739,4317.21
2017-08-18 05:22:00+00:00,4319.93,4319.93,4319.93,4319.93,0.206934,4317.21
2017-08-18 05:23:00+00:00,4319.93,4319.93,4319.93,4319.93,0.611055,4317.21
2017-08-18 05:24:00+00:00,4317.21,4319.93,4317.21,4319.93,0.764893,4317.21
2017-08-18 05:25:00+00:00,4317.21,4317.21,4317.21,4317.21,0.970611,4330.82
2017-08-18 05:26:00+00:00,4295.68,4317.21,4295.68,4317.21,3.481052,4330.82
2017-08-18 05:27:00+00:00,4317.21,4317.21,4317.21,4317.21,0.64452,4330.82
2017-08-18 05:28:00+00:00,4317.21,4317.21,4317.21,4317.21,0.057462,4330.82
2017-08-18 05:29:00+00:00,4317.21,4317.21,4317.21,4317.21,0.034207,4330.82
2017-08-18 05:30:00+00:00,4317.21,4330.82,4317.21,4330.82,0.460925,4330.82
2017-08-18 05:31:00+00:00,4330.82,4330.82,4330.82,4330.82,0.0,4330.82
2017-08-18 05:32:00+00:00,4330.82,4330.82,4330.82,4330.82,0.532808,4330.82
2017-08-18 05:33:00+00:00,4330.82,4330.82,4330.82,4330.82,0.54704,4295.4
2017-08-18 05:34:00+00:00,4330.82,4330.82,4330.82,4330.82,0.424904,4291.47
2017-08-18 05:35:00+00:00,4330.82,4330.82,4330.82,4330.82,0.031227,4291.47
2017-08-18 05:36:00+00:00,4330.82,4330.82,4330.82,4330.82,0.771924,4295.4
2017-08-18 05:37:00+00:00,4330.82,4330.82,4330.82,4330.82,0.0,4295.4
2017-08-18 05:38:00+00:00,4330.82,4330.82,4289.33,4295.4,8.619423,4291.17
2017-08-18 05:39:00+00:00,4330.82,4330.82,4291.47,4291.47,0.74084,4340.0
2017-08-18 05:40:00+00:00,4291.47,4291.47,4291.47,4291.47,0.432,4294.5
2017-08-18 05:41:00+00:00,4291.47,4295.4,4291.47,4295.4,0.706374,4289.88
2017-08-18 05:42:00+00:00,4291.47,4295.4,4291.47,4295.4,1.833,4289.88
2017-08-18 05:43:00+00:00,4340.62,4340.62,4291.17,4291.17,0.795313,4294.5
2017-08-18 05:44:00+00:00,4340.0,4340.0,4290.55,4340.0,3.448118,4289.88
2017-08-18 05:45:00+00:00,4294.5,4327.25,4294.5,4294.5,0.667639,4274.16
2017-08-18 05:46:00+00:00,4294.5,4294.5,4289.88,4289.88,0.515003,4289.88
2017-08-18 05:47:00+00:00,4294.5,4294.5,4289.88,4289.88,1.179061,4325.38
2017-08-18 05:48:00+00:00,4289.88,4294.5,4289.88,4294.5,0.39336,4288.21
2017-08-18 05:49:00+00:00,4274.16,4289.88,4274.16,4289.88,0.84419,4288.21
2017-08-18 05:50:00+00:00,4289.88,4289.88,4274.16,4274.16,0.452813,4325.38
2017-08-18 05:51:00+00:00,4289.88,4289.88,4289.88,4289.88,0.160356,4325.38
2017-08-18 05:52:00+00:00,4289.88,4327.25,4288.21,4325.38,0.622139,4321.2
2017-08-18 05:53:00+00:00,4306.79,4306.79,4288.21,4288.21,3.800029,4321.2
2017-08-18 05:54:00+00:00,4325.38,4325.38,4288.21,4288.21,0.515182,4313.56
2017-08-18 05:55:00+00:00,4325.38,4325.38,4325.38,4325.38,0.173175,4313.56
2017-08-18 05:56:00+00:00,4325.38,4325.38,4325.38,4325.38,0.063676,4313.56
2017-08-18 05:57:00+00:00,4321.2,4321.2,4321.2,4321.2,0.074961,4313.56
2017-08-18 05:58:00+00:00,4321.2,4321.2,4321.2,4321.2,0.121121,4313.56
2017-08-18 05:59:00+00:00,4313.56,4313.56,4313.56,4313.56,0.072154,4313.56
2017-08-18 06:00:00+00:00,4313.56,4313.56,4313.56,4313.56,0.040636,4316.98
2017-08-18 06:01:00+00:00,4300.0,4313.56,4300.0,4313.56,0.621897,4316.98
2017-08-18 06:02:00+00:00,4300.0,4313.56,4300.0,4313.56,0.461009,4295.56
2017-08-18 06:03:00+00:00,4313.56,4313.56,4313.56,4313.56,0.76178,4295.56
2017-08-18 06:04:00+00:00,4313.56,4313.56,4313.56,4313.56,0.456104,4295.56
2017-08-18 06:05:00+00:00,4313.56,4316.98,4313.56,4316.98,1.329366,4295.56
2017-08-18 06:06:00+00:00,4316.98,4316.98,4316.98,4316.98,0.446501,4316.98
2017-08-18 06:07:00+00:00,4295.56,4295.56,4295.56,4295.56,3.377413,4316.75
2017-08-18 06:08:00+00:00,4295.56,4295.56,4262.32,4295.56,3.050701,4316.75
2017-08-18 06:09:00+00:00,4295.56,4295.56,4295.56,4295.56,1.001434,4316.75
2017-08-18 06:10:00+00:00,4295.56,4295.56,4295.56,4295.56,0.551717,4316.75
2017-08-18 06:11:00+00:00,4295.56,4316.98,4295.56,4316.98,0.634149,4316.75
2017-08-18 06:12:00+00:00,4316.75,4316.75,4316.75,4316.75,0.069135,4297.13
2017-08-18 06:13:00+00:00,4316.75,4316.75,4316.75,4316.75,0.309436,4297.13
2017-08-18 06:14:00+00:00,4316.75,4316.75,4316.75,4316.75,0.638885,4297.13
2017-08-18 06:15:00+00:00,4316.75,4316.75,4316.75,4316.75,0.916401,4297.13
2017-08-18 06:16:00+00:00,4316.75,4316.75,4316.75,4316.75,0.0,4297.13
2017-08-18 06:17:00+00:00,4297.13,4297.13,4297.13,4297.13,1.655327,4297.13
2017-08-18 06:18:00+00:00,4297.13,4297.13,4297.13,4297.13,0.0,4297.13
2017-08-18 06:19:00+00:00,4297.13,4297.13,4297.13,4297.13,0.529579,4304.67
2017-08-18 06:20:00+00:00,4297.13,4297.13,4297.13,4297.13,0.0,4290.1
2017-08-18 06:21:00+00:00,4297.13,4297.13,4297.13,4297.13,0.280147,4290.1
2017-08-18 06:22:00+00:00,4262.32,4297.13,4262.32,4297.13,0.893181,4290.1
2017-08-18 06:23:00+00:00,4297.13,4297.13,4297.13,4297.13,0.0,4290.1
2017-08-18 06:24:00+00:00,4304.67,4304.67,4304.67,4304.67,0.609402,4289.09
2017-08-18 06:25:00+00:00,4304.67,4304.67,4290.1,4290.1,0.72336,4289.09
2017-08-18 06:26:00+00:00,4268.92,4290.1,4268.92,4290.1,4.055623,4289.09
2017-08-18 06:27:00+00:00,4290.1,4290.1,4290.1,4290.1,0.262611,4289.09
2017-08-18 06:28:00+00:00,4290.1,4290.1,4290.1,4290.1,0.420224,4289.09
2017-08-18 06:29:00+00:00,4289.09,4289.09,4289.09,4289.09,0.315908,4261.41
2017-08-18 06:30:00+00:00,4289.09,4289.09,4289.09,4289.09,0.269302,4287.96
2017-08-18 06:31:00+00:00,4289.09,4289.09,4289.09,4289.09,0.348566,4287.96
2017-08-18 06:32:00+00:00,4261.41,4289.09,4261.41,4289.09,0.156017,4287.96
2017-08-18 06:33:00+00:00,4289.09,4289.09,4289.09,4289.09,1.582873,4287.96
2017-08-18 06:34:00+00:00,4261.41,4261.41,4261.41,4261.41,0.108001,4287.96
2017-08-18 06:35:00+00:00,4261.41,4287.96,4261.41,4287.96,0.813484,4287.96
2017-08-18 06:36:00+00:00,4287.96,4287.96,4287.96,4287.96,0.747279,4247.75
2017-08-18 06:37:00+00:00,4287.96,4287.96,4287.96,4287.96,0.360737,4287.96
2017-08-18 06:38:00+00:00,4267.85,4287.96,4247.75,4287.96,4.1617,4287.96
2017-08-18 06:39:00+00:00,4287.96,4287.96,4287.96,4287.96,2.466562,4265.41
2017-08-18 06:40:00+00:00,4287.96,4287.96,4287.96,4287.96,0.799141,4247.75
2017-08-18 06:41:00+00:00,4267.85,4267.85,4247.75,4247.75,3.488498,4254.92
2017-08-18 06:42:00+00:00,4287.96,4287.96,4287.96,4287.96,0.061075,4289.09
2017-08-18 06:43:00+00:00,4287.96,4287.96,4247.75,4287.96,0.629481,4289.09
2017-08-18 06:44:00+00:00,4265.41,4265.41,4265.41,4265.41,0.875,4289.09
2017-08-18 06:45:00+00:00,4287.96,4287.96,4247.75,4247.75,4.201553,4289.09
2017-08-18 06:46:00+00:00,4289.09,4289.09,4254.92,4254.92,3.147462,4291.25
2017-08-18 06:47:00+00:00,4289.09,4289.09,4289.09,4289.09,1.093335,4288.03
2017-08-18 06:48:00+00:00,4289.09,4289.09,4289.09,4289.09,0.234164,4288.03
2017-08-18 06:49:00+00:00,4289.09,4289.09,4289.09,4289.09,0.694064,4288.03
2017-08-18 06:50:00+00:00,4272.0,4289.09,4272.0,4289.09,4.080932,4288.03
2017-08-18 06:51:00+00:00,4289.09,4291.25,4289.09,4291.25,0.703676,4288.03
2017-08-18 06:52:00+00:00,4291.0,4291.25,4288.03,4288.03,1.324489,4304.0
2017-08-18 06:53:00+00:00,4288.03,4288.03,4288.03,4288.03,0.131808,4279.46
2017-08-18 06:54:00+00:00,4288.03,4288.03,4288.03,4288.03,0.08879,4279.46
2017-08-18 06:55:00+00:00,4288.03,4288.03,4288.03,4288.03,0.549329,4279.46
2017-08-18 06:56:00+00:00,4288.03,4288.03,4288.03,4288.03,0.006916,4279.46
2017-08-18 06:57:00+00:00,4304.66,4304.66,4304.0,4304.0,2.089667,4304.66
2017-08-18 06:58:00+00:00,4279.46,4279.46,4279.46,4279.46,3.398982,4289.09
2017-08-18 06:59:00+00:00,4304.0,4304.0,4279.46,4279.46,1.210615,4304.66
2017-08-18 07:00:00+00:00,4279.46,4279.46,4279.46,4279.46,1.725076,4290.75
2017-08-18 07:01:00+00:00,4279.46,4279.46,4279.46,4279.46,0.536544,4290.75
2017-08-18 07:02:00+00:00,4289.09,4304.66,4289.09,4304.66,0.827706,4290.75
2017-08-18 07:03:00+00:00,4289.09,4289.09,4289.09,4289.09,0.286285,4286.09
2017-08-18 07:04:00+00:00,4289.09,4304.66,4289.09,4304.66,0.185893,4286.09
2017-08-18 07:05:00+00:00,4290.75,4290.75,4290.75,4290.75,0.050936,4286.09
2017-08-18 07:06:00+00:00,4290.75,4290.75,4290.75,4290.75,0.0,4286.0
2017-08-18 07:07:00+00:00,4290.75,4290.75,4290.75,4290.75,0.389475,4277.05
2017-08-18 07:08:00+00:00,4270.5,4286.09,4270.5,4286.09,3.893273,4294.88
2017-08-18 07:09:00+00:00,4286.09,4286.09,4286.09,4286.09,0.953845,4294.88
2017-08-18 07:10:00+00:00,4286.09,4286.09,4286.09,4286.09,0.67453,4286.08
2017-08-18 07:11:00+00:00,4286.09,4286.09,4286.0,4286.0,0.497487,4286.08
2017-08-18 07:12:00+00:00,4277.05,4277.05,4277.05,4277.05,1.199273,4286.05
2017-08-18 07:13:00+00:00,4294.88,4294.88,4294.88,4294.88,0.208446,4286.05
2017-08-18 07:14:00+00:00,4294.88,4294.88,4294.88,4294.88,0.299093,4286.05
2017-08-18 07:15:00+00:00,4280.53,4286.08,4275.0,4286.08,4.005134,4286.05
2017-08-18 07:16:00+00:00,4286.08,4286.08,4286.08,4286.08,0.0,4286.05
2017-08-18 07:17:00+00:00,4286.05,4286.08,4286.05,4286.05,0.738606,4286.05
2017-08-18 07:18:00+00:00,4286.05,4286.05,4275.0,4286.05,1.701758,4286.05
2017-08-18 07:19:00+00:00,4286.05,4286.05,4286.05,4286.05,0.0,4286.05
2017-08-18 07:20:00+00:00,4286.05,4286.05,4286.05,4286.05,0.526199,4286.05
2017-08-18 07:21:00+00:00,4286.05,4286.05,4286.05,4286.05,2.597695,4286.05
2017-08-18 07:22:00+00:00,4270.48,4286.05,4270.48,4286.05,5.418356,4286.05
2017-08-18 07:23:00+00:00,4286.05,4286.05,4286.05,4286.05,0.0963,4286.05
2017-08-18 07:24:00+00:00,4286.05,4286.05,4286.05,4286.05,0.0,4286.05
2017-08-18 07:25:00+00:00,4286.05,4286.05,4286.05,4286.05,1.122501,4286.05
2017-08-18 07:26:00+00:00,4270.48,4286.05,4270.48,4286.05,3.76929,4286.05
2017-08-18 07:27:00+00:00,4286.05,4286.05,4286.05,4286.05,0.939062,4286.05
2017-08-18 07:28:00+00:00,4286.05,4286.05,4286.05,4286.05,1.191064,4286.05
2017-08-18 07:29:00+00:00,4286.05,4286.05,4286.05,4286.05,0.0,4304.67
2017-08-18 07:30:00+00:00,4286.05,4286.05,4286.05,4286.05,0.56723,4301.56
2017-08-18 07:31:00+00:00,4286.05,4286.05,4286.05,4286.05,0.418862,4301.56
2017-08-18 07:32:00+00:00,4286.05,4286.05,4286.05,4286.05,0.285483,4301.56
2017-08-18 07:33:00+00:00,4270.48,4286.05,4270.48,4286.05,5.25567,4301.56
2017-08-18 07:34:00+00:00,4286.05,4304.67,4286.05,4304.67,0.933029,4301.56
2017-08-18 07:35:00+00:00,4301.56,4301.56,4301.56,4301.56,0.258103,4301.56
2017-08-18 07:36:00+00:00,4301.56,4301.56,4301.56,4301.56,0.25902,4301.56
2017-08-18 07:37:00+00:00,4301.56,4301.56,4301.56,4301.56,0.42935,4300.25
2017-08-18 07:38:00+00:00,4301.56,4301.56,4301.56,4301.56,0.122008,4300.25
2017-08-18 07:39:00+00:00,4301.56,4301.56,4301.56,4301.56,0.142628,4300.25
2017-08-18 07:40:00+00:00,4301.56,4301.56,4301.56,4301.56,0.490412,4304.67
2017-08-18 07:41:00+00:00,4301.56,4301.56,4301.56,4301.56,0.529643,4304.67
2017-08-18 07:42:00+00:00,4277.58,4300.25,4277.58,4300.25,4.016165,4304.67
2017-08-18 07:43:00+00:00,4300.25,4300.25,4300.25,4300.25,0.786299,4304.67
2017-08-18 07:44:00+00:00,4300.25,4300.25,4300.25,4300.25,0.137022,4304.67
2017-08-18 07:45:00+00:00,4304.67,4304.67,4304.67,4304.67,0.47284,4304.67
2017-08-18 07:46:00+00:00,4304.67,4304.67,4304.67,4304.67,1.049941,4304.67
2017-08-18 07:47:00+00:00,4304.67,4304.67,4304.67,4304.67,0.252193,4304.67
2017-08-18 07:48:00+00:00,4294.83,4304.67,4294.83,4304.67,3.870034,4304.67
2017-08-18 07:49:00+00:00,4304.67,4304.67,4304.67,4304.67,1.301012,4304.67
2017-08-18 07:50:00+00:00,4304.67,4304.67,4304.67,4304.67,0.0,4304.65
2017-08-18 07:51:00+00:00,4304.67,4304.67,4304.67,4304.67,1.687391,4294.82
2017-08-18 07:52:00+00:00,4294.83,4304.67,4294.83,4304.67,3.606945,4304.65
2017-08-18 07:53:00+00:00,4304.67,4304.67,4304.67,4304.67,1.592585,4285.0
2017-08-18 07:54:00+00:00,4304.67,4304.67,4304.67,4304.67,0.0,4300.25
2017-08-18 07:55:00+00:00,4304.65,4304.65,4304.65,4304.65,1.690006,4285.0
2017-08-18 07:56:00+00:00,4294.82,4294.82,4294.82,4294.82,3.421268,4285.0
2017-08-18 07:57:00+00:00,4304.65,4304.65,4304.65,4304.65,1.138304,4285.0
2017-08-18 07:58:00+00:00,4285.0,4285.0,4285.0,4285.0,0.009989,4300.25
2017-08-18 07:59:00+00:00,4285.0,4300.25,4285.0,4300.25,0.629545,4300.25
2017-08-18 08:00:00+00:00,4285.0,4285.0,4285.0,4285.0,0.647069,4300.25
2017-08-18 08:01:00+00:00,4285.0,4285.0,4285.0,4285.0,0.0,4299.0
2017-08-18 08:02:00+00:00,4285.0,4285.0,4285.0,4285.0,0.298565,4299.0
2017-08-18 08:03:00+00:00,4300.25,4300.25,4300.25,4300.25,0.790987,4299.0
2017-08-18 08:04:00+00:00,4300.25,4300.25,4300.25,4300.25,0.869364,4298.0
2017-08-18 08:05:00+00:00,4284.96,4300.25,4284.96,4300.25,4.227436,4298.0
2017-08-18 08:06:00+00:00,4299.0,4300.0,4299.0,4299.0,5.226852,4290.01
2017-08-18 08:07:00+00:00,4299.0,4299.0,4298.0,4299.0,1.671796,4290.01
2017-08-18 08:08:00+00:00,4299.0,4299.0,4299.0,4299.0,0.0,4298.0
2017-08-18 08:09:00+00:00,4298.0,4298.0,4298.0,4298.0,0.501437,4298.0
2017-08-18 08:10:00+00:00,4298.0,4298.0,4298.0,4298.0,0.02,4300.25
2017-08-18 08:11:00+00:00,4290.01,4290.01,4290.01,4290.01,0.3,4298.0
2017-08-18 08:12:00+00:00,4294.0,4298.0,4290.01,4290.01,3.476752,4298.0
2017-08-18 08:13:00+00:00,4298.0,4298.0,4298.0,4298.0,0.62699,4298.0
2017-08-18 08:14:00+00:00,4298.0,4298.0,4298.0,4298.0,0.106845,4298.0
2017-08-18 08:15:00+00:00,4298.0,4300.25,4298.0,4300.25,1.037,4298.0
2017-08-18 08:16:00+00:00,4298.0,4298.0,4298.0,4298.0,0.842639,4299.0
2017-08-18 08:17:00+00:00,4298.0,4298.0,4298.0,4298.0,0.923361,4300.0
2017-08-18 08:18:00+00:00,4298.0,4298.0,4298.0,4298.0,0.156777,4300.0
2017-08-18 08:19:00+00:00,4298.0,4298.0,4298.0,4298.0,0.68526,4300.0
2017-08-18 08:20:00+00:00,4298.0,4298.0,4298.0,4298.0,0.343394,4304.65
2017-08-18 08:21:00+00:00,4299.0,4299.0,4299.0,4299.0,0.69821,4307.41
2017-08-18 08:22:00+00:00,4284.33,4300.0,4284.33,4300.0,4.194364,4307.41
2017-08-18 08:23:00+00:00,4300.0,4300.0,4300.0,4300.0,0.288847,4306.41
2017-08-18 08:24:00+00:00,4300.0,4300.0,4300.0,4300.0,0.198732,4306.41
2017-08-18 08:25:00+00:00,4300.0,4304.65,4300.0,4304.65,1.466542,4306.41
2017-08-18 08:26:00+00:00,4304.65,4307.41,4304.65,4307.41,1.4034,4320.71
2017-08-18 08:27:00+00:00,4307.41,4307.41,4307.41,4307.41,0.074,4320.71
2017-08-18 08:28:00+00:00,4307.41,4307.41,4306.41,4306.41,0.913915,4311.09
2017-08-18 08:29:00+00:00,4303.2,4306.41,4303.2,4306.41,4.155987,4311.09
2017-08-18 08:30:00+00:00,4306.41,4306.41,4306.41,4306.41,0.0,4311.09
2017-08-18 08:31:00+00:00,4306.41,4320.71,4306.41,4320.71,1.177285,4311.08
2017-08-18 08:32:00+00:00,4320.71,4320.71,4320.71,4320.71,0.0,4311.09
2017-08-18 08:33:00+00:00,4320.71,4320.71,4311.09,4311.09,1.660539,4311.09
2017-08-18 08:34:00+00:00,4311.09,4311.09,4311.09,4311.09,1.405958,4311.09
2017-08-18 08:35:00+00:00,4290.38,4311.09,4290.38,4311.09,4.834833,4307.1
2017-08-18 08:36:00+00:00,4311.08,4311.09,4311.08,4311.08,1.316641,4291.66
2017-08-18 08:37:00+00:00,4311.08,4311.09,4311.08,4311.09,0.672071,4291.66
2017-08-18 08:38:00+00:00,4311.09,4311.09,4311.09,4311.09,0.0,4285.76
2017-08-18 08:39:00+00:00,4311.09,4311.09,4311.09,4311.09,1.695626,4286.08
2017-08-18 08:40:00+00:00,4310.18,4310.18,4307.1,4307.1,0.973662,4285.03
2017-08-18 08:41:00+00:00,4288.38,4291.66,4288.38,4291.66,3.724192,4285.03
2017-08-18 08:42:00+00:00,4291.66,4291.66,4291.66,4291.66,3.077305,4270.6
2017-08-18 08:43:00+00:00,4270.34,4285.76,4270.34,4285.76,3.471849,4270.02
2017-08-18 08:44:00+00:00,4285.76,4286.08,4285.76,4286.08,0.381451,4270.02
2017-08-18 08:45:00+00:00,4285.76,4286.08,4285.03,4285.03,2.174257,4270.02
2017-08-18 08:46:00+00:00,4285.03,4285.03,4285.03,4285.03,0.399,4270.02
2017-08-18 08:47:00+00:00,4270.6,4270.6,4270.6,4270.6,0.249912,4270.02
2017-08-18 08:48:00+00:00,4270.6,4270.6,4270.02,4270.02,1.187092,4285.03
2017-08-18 08:49:00+00:00,4270.02,4270.02,4270.02,4270.02,0.0,4285.03
2017-08-18 08:50:00+00:00,4270.02,4270.02,4270.02,4270.02,0.091204,4277.05
2017-08-18 08:51:00+00:00,4270.02,4270.02,4270.02,4270.02,0.114971,4293.55
2017-08-18 08:52:00+00:00,4270.02,4270.02,4270.02,4270.02,0.861471,4293.55
2017-08-18 08:53:00+00:00,4259.85,4285.03,4259.85,4285.03,3.574767,4293.55
2017-08-18 08:54:00+00:00,4277.05,4285.03,4277.05,4285.03,1.676724,4282.73
2017-08-18 08:55:00+00:00,4277.05,4277.05,4277.05,4277.05,0.299526,4282.73
2017-08-18 08:56:00+00:00,4277.05,4293.55,4277.05,4293.55,0.816857,4307.1
2017-08-18 08:57:00+00:00,4293.55,4293.55,4293.55,4293.55,1.506116,4293.47
2017-08-18 08:58:00+00:00,4293.55,4293.55,4293.55,4293.55,0.0,4293.47
2017-08-18 08:59:00+00:00,4287.64,4287.64,4282.73,4282.73,1.340019,4293.47
2017-08-18 09:00:00+00:00,4265.33,4282.73,4265.33,4282.73,3.520199,4293.47
2017-08-18 09:01:00+00:00,4303.06,4307.1,4303.06,4307.1,1.431111,4307.1
2017-08-18 09:02:00+00:00,4293.47,4293.47,4293.47,4293.47,0.155893,4307.1
2017-08-18 09:03:00+00:00,4293.47,4293.47,4293.47,4293.47,0.098416,4305.37
2017-08-18 09:04:00+00:00,4293.47,4293.47,4293.47,4293.47,0.341534,4305.37
2017-08-18 09:05:00+00:00,4293.47,4293.47,4293.47,4293.47,0.102285,4305.37
2017-08-18 09:06:00+00:00,4293.47,4307.1,4293.47,4307.1,0.910143,4305.37
2017-08-18 09:07:00+00:00,4307.1,4307.1,4307.1,4307.1,0.131094,4305.37
2017-08-18 09:08:00+00:00,4307.1,4307.1,4305.37,4305.37,2.744186,4305.37
2017-08-18 09:09:00+00:00,4305.37,4305.37,4305.37,4305.37,0.0,4301.0
2017-08-18 09:10:00+00:00,4305.37,4305.37,4305.37,4305.37,0.598223,4301.0
2017-08-18 09:11:00+00:00,4283.13,4305.37,4283.13,4305.37,3.393405,4307.01
2017-08-18 09:12:00+00:00,4305.37,4305.37,4305.37,4305.37,0.0,4307.01
2017-08-18 09:13:00+00:00,4305.37,4305.37,4305.37,4305.37,0.999173,4307.0
2017-08-18 09:14:00+00:00,4301.0,4301.0,4301.0,4301.0,0.297399,4307.0
2017-08-18 09:15:00+00:00,4301.0,4301.0,4301.0,4301.0,0.096382,4307.0
2017-08-18 09:16:00+00:00,4301.0,4307.01,4301.0,4307.01,1.067792,4307.0
2017-08-18 09:17:00+00:00,4307.01,4307.01,4307.01,4307.01,0.0,4276.88
2017-08-18 09:18:00+00:00,4307.0,4307.0,4307.0,4307.0,0.088105,4306.99
2017-08-18 09:19:00+00:00,4307.0,4307.0,4307.0,4307.0,0.229629,4306.99
2017-08-18 09:20:00+00:00,4307.0,4307.0,4307.0,4307.0,1.225968,4306.99
2017-08-18 09:21:00+00:00,4283.94,4307.0,4283.94,4307.0,3.721716,4307.01
2017-08-18 09:22:00+00:00,4301.0,4301.0,4276.88,4276.88,0.078865,4321.2
2017-08-18 09:23:00+00:00,4306.99,4306.99,4306.99,4306.99,1.092344,4321.2
2017-08-18 09:24:00+00:00,4306.99,4306.99,4306.99,4306.99,0.20747,4307.01
2017-08-18 09:25:00+00:00,4306.99,4306.99,4306.99,4306.99,0.227315,4307.01
2017-08-18 09:26:00+00:00,4306.99,4307.01,4306.99,4307.01,1.786949,4315.2
2017-08-18 09:27:00+00:00,4321.2,4321.2,4321.2,4321.2,1.209646,4315.2
2017-08-18 09:28:00+00:00,4321.2,4321.2,4321.2,4321.2,0.295354,4315.2
2017-08-18 09:29:00+00:00,4321.2,4327.25,4307.01,4307.01,0.369231,4315.2
2017-08-18 09:30:00+00:00,4317.6,4317.6,4307.01,4307.01,3.278937,4315.2
2017-08-18 09:31:00+00:00,4307.01,4315.2,4307.01,4315.2,0.276844,4315.2
2017-08-18 09:32:00+00:00,4315.2,4315.2,4315.2,4315.2,0.0,4315.2
2017-08-18 09:33:00+00:00,4315.2,4315.2,4315.2,4315.2,0.245097,4315.2
2017-08-18 09:34:00+00:00,4315.2,4315.2,4315.2,4315.2,0.461998,4307.16
2017-08-18 09:35:00+00:00,4315.2,4315.2,4315.2,4315.2,0.344104,4307.16
2017-08-18 09:36:00+00:00,4315.2,4315.2,4315.2,4315.2,0.0,4300.0
2017-08-18 09:37:00+00:00,4315.2,4315.2,4315.2,4315.2,0.119474,4307.16
2017-08-18 09:38:00+00:00,4315.2,4315.2,4315.2,4315.2,0.255437,4307.16
2017-08-18 09:39:00+00:00,4307.16,4307.16,4307.16,4307.16,0.925604,4300.0
2017-08-18 09:40:00+00:00,4307.16,4307.16,4307.16,4307.16,0.049212,4307.16
2017-08-18 09:41:00+00:00,4307.16,4307.16,4300.0,4300.0,0.267534,4310.0
2017-08-18 09:42:00+00:00,4307.16,4307.16,4307.16,4307.16,0.157342,4310.0
2017-08-18 09:43:00+00:00,4307.16,4307.16,4307.16,4307.16,0.281835,4310.0
2017-08-18 09:44:00+00:00,4300.0,4307.16,4300.0,4300.0,0.280632,4276.89
2017-08-18 09:45:00+00:00,4300.0,4307.16,4300.0,4307.16,0.103239,4276.89
2017-08-18 09:46:00+00:00,4307.16,4310.0,4300.0,4310.0,0.393607,4310.0
2017-08-18 09:47:00+00:00,4305.0,4310.0,4300.0,4310.0,3.955323,4310.0
2017-08-18 09:48:00+00:00,4300.0,4310.0,4300.0,4310.0,1.62534,4310.0
2017-08-18 09:49:00+00:00,4310.0,4310.0,4276.89,4276.89,0.421977,4304.15
2017-08-18 09:50:00+00:00,4276.89,4310.0,4276.89,4276.89,0.051094,4304.15
2017-08-18 09:51:00+00:00,4310.0,4310.0,4310.0,4310.0,0.260891,4304.15
2017-08-18 09:52:00+00:00,4310.0,4310.0,4310.0,4310.0,0.013936,4304.15
2017-08-18 09:53:00+00:00,4310.0,4310.0,4310.0,4310.0,0.595699,4304.15
2017-08-18 09:54:00+00:00,4304.15,4304.15,4304.15,4304.15,0.052105,4304.15
2017-08-18 09:55:00+00:00,4304.15,4304.15,4304.15,4304.15,0.14078,4304.15
2017-08-18 09:56:00+00:00,4304.15,4304.15,4304.15,4304.15,0.648216,4305.83
2017-08-18 09:57:00+00:00,4304.15,4304.15,4304.15,4304.15,0.382327,4305.83
2017-08-18 09:58:00+00:00,4290.52,4304.15,4290.52,4304.15,3.5111,4304.15
2017-08-18 09:59:00+00:00,4304.15,4304.15,4304.15,4304.15,0.133645,4304.15
2017-08-18 10:00:00+00:00,4304.15,4304.15,4304.15,4304.15,0.213575,4304.15
2017-08-18 10:01:00+00:00,4305.83,4305.83,4305.83,4305.83,0.203946,4304.15
2017-08-18 10:02:00+00:00,4305.83,4305.83,4305.83,4305.83,1.428341,4304.15
2017-08-18 10:03:00+00:00,4304.15,4304.15,4304.15,4304.15,0.250343,4304.15
2017-08-18 10:04:00+00:00,4304.15,4304.15,4304.15,4304.15,0.0,4315.2
2017-08-18 10:05:00+00:00,4304.15,4304.15,4304.15,4304.15,0.682245,4315.2
2017-08-18 10:06:00+00:00,4304.15,4304.15,4304.15,4304.15,0.073601,4315.2
2017-08-18 10:07:00+00:00,4304.15,4304.15,4304.15,4304.15,0.102779,4315.2
2017-08-18 10:08:00+00:00,4304.15,4304.15,4304.15,4304.15,0.476553,4328.19
2017-08-18 10:09:00+00:00,4315.2,4315.2,4315.2,4315.2,0.223383,4315.2
2017-08-18 10:10:00+00:00,4296.04,4315.2,4296.04,4315.2,4.422835,4315.2
2017-08-18 10:11:00+00:00,4315.2,4315.2,4315.2,4315.2,0.0,4336.61
2017-08-18 10:12:00+00:00,4315.2,4315.2,4315.2,4315.2,1.031896,4336.61
2017-08-18 10:13:00+00:00,4315.2,4328.19,4315.2,4328.19,0.785892,4336.61
2017-08-18 10:14:00+00:00,4315.2,4315.2,4315.2,4315.2,0.32521,4336.61
2017-08-18 10:15:00+00:00,4315.2,4315.2,4315.2,4315.2,0.842535,4336.61
2017-08-18 10:16:00+00:00,4336.61,4336.61,4336.61,4336.61,0.357498,4340.62
2017-08-18 10:17:00+00:00,4336.61,4336.61,4336.61,4336.61,0.482894,4342.6
2017-08-18 10:18:00+00:00,4336.61,4336.61,4336.61,4336.61,0.621042,4342.6
2017-08-18 10:19:00+00:00,4319.66,4336.61,4319.66,4336.61,3.799274,4330.26
2017-08-18 10:20:00+00:00,4336.61,4336.61,4336.61,4336.61,0.603639,4330.26
2017-08-18 10:21:00+00:00,4340.62,4340.62,4340.62,4340.62,0.82084,4330.26
2017-08-18 10:22:00+00:00,4340.62,4342.6,4340.62,4342.6,0.147694,4349.0
2017-08-18 10:23:00+00:00,4342.6,4342.6,4342.6,4342.6,1.016904,4330.26
2017-08-18 10:24:00+00:00,4330.26,4330.26,4330.26,4330.26,1.774286,4349.0
2017-08-18 10:25:00+00:00,4316.48,4330.26,4316.48,4330.26,3.444961,4330.26
2017-08-18 10:26:00+00:00,4330.26,4330.26,4330.26,4330.26,0.975968,4349.0
2017-08-18 10:27:00+00:00,4330.26,4349.0,4330.26,4349.0,1.66936,4350.0
2017-08-18 10:28:00+00:00,4330.26,4330.26,4330.26,4330.26,1.144893,4350.91
2017-08-18 10:29:00+00:00,4349.0,4349.0,4349.0,4349.0,0.495432,4330.26
2017-08-18 10:30:00+00:00,4330.26,4330.26,4330.26,4330.26,0.045,4350.91
2017-08-18 10:31:00+00:00,4330.26,4349.0,4330.26,4349.0,0.64361,4350.91
2017-08-18 10:32:00+00:00,4349.5,4350.0,4349.0,4350.0,3.261904,4350.91
2017-08-18 10:33:00+00:00,4350.91,4350.91,4350.91,4350.91,0.389635,4368.68
2017-08-18 10:34:00+00:00,4350.91,4350.91,4330.26,4330.26,0.060011,4368.68
2017-08-18 10:35:00+00:00,4350.91,4350.91,4350.91,4350.91,0.086406,4371.4
2017-08-18 10:36:00+00:00,4350.91,4350.91,4350.91,4350.91,0.219004,4371.4
2017-08-18 10:37:00+00:00,4350.91,4350.91,4350.91,4350.91,0.177482,4371.52
2017-08-18 10:38:00+00:00,4350.91,4368.68,4350.91,4368.68,0.823912,4371.4
2017-08-18 10:39:00+00:00,4368.68,4371.52,4368.68,4368.68,0.769403,4371.42
2017-08-18 10:40:00+00:00,4371.4,4371.4,4371.4,4371.4,0.891882,4357.66
2017-08-18 10:41:00+00:00,4371.4,4371.4,4371.4,4371.4,1.099981,4357.66
2017-08-18 10:42:00+00:00,4371.4,4371.52,4371.4,4371.52,1.191261,4357.66
2017-08-18 10:43:00+00:00,4371.4,4371.42,4371.4,4371.4,0.586246,4332.2
2017-08-18 10:44:00+00:00,4371.4,4371.42,4371.4,4371.42,3.693213,4332.2
2017-08-18 10:45:00+00:00,4371.42,4371.42,4357.66,4357.66,0.7855,4330.0
2017-08-18 10:46:00+00:00,4357.66,4357.66,4357.66,4357.66,0.015407,4330.0
2017-08-18 10:47:00+00:00,4357.66,4357.66,4357.66,4357.66,0.13211,4357.66
2017-08-18 10:48:00+00:00,4357.66,4357.66,4332.2,4332.2,1.325338,4357.66
2017-08-18 10:49:00+00:00,4332.2,4332.2,4332.2,4332.2,0.0,4356.31
2017-08-18 10:50:00+00:00,4332.2,4357.66,4317.91,4330.0,0.911388,4356.31
2017-08-18 10:51:00+00:00,4330.0,4330.0,4330.0,4330.0,0.544394,4356.31
2017-08-18 10:52:00+00:00,4330.0,4357.66,4330.0,4357.66,0.981407,4356.31
2017-08-18 10:53:00+00:00,4357.66,4357.66,4357.66,4357.66,0.0,4356.31
2017-08-18 10:54:00+00:00,4357.66,4357.66,4356.31,4356.31,0.416542,4356.31
2017-08-18 10:55:00+00:00,4338.15,4356.31,4338.15,4356.31,3.315787,4356.31
2017-08-18 10:56:00+00:00,4356.31,4356.31,4356.31,4356.31,0.075566,4356.31
2017-08-18 10:57:00+00:00,4356.31,4356.31,4356.31,4356.31,0.107527,4356.31
2017-08-18 10:58:00+00:00,4356.31,4356.31,4356.31,4356.31,0.246063,4357.29
2017-08-18 10:59:00+00:00,4356.31,4356.31,4356.31,4356.31,0.349877,4357.29
2017-08-18 11:00:00+00:00,4356.31,4356.31,4356.31,4356.31,0.222616,4357.29
2017-08-18 11:01:00+00:00,4356.31,4356.31,4356.31,4356.31,0.335723,4357.29
2017-08-18 11:02:00+00:00,4356.31,4356.31,4356.31,4356.31,0.236572,4355.91
2017-08-18 11:03:00+00:00,4356.31,4357.29,4327.0,4357.29,0.746723,4357.36
2017-08-18 11:04:00+00:00,4357.29,4357.29,4357.29,4357.29,0.0,4357.36
2017-08-18 11:05:00+00:00,4357.29,4357.29,4357.29,4357.29,1.148629,4357.37
2017-08-18 11:06:00+00:00,4357.29,4357.29,4357.29,4357.29,0.0,4357.37
2017-08-18 11:07:00+00:00,4355.91,4355.91,4355.91,4355.91,1.432764,4357.37
2017-08-18 11:08:00+00:00,4340.01,4357.36,4340.01,4357.36,0.191658,4354.29
2017-08-18 11:09:00+00:00,4357.36,4357.36,4357.36,4357.36,0.03169,4353.0
2017-08-18 11:10:00+00:00,4357.36,4357.37,4357.36,4357.37,0.213039,4354.29
2017-08-18 11:11:00+00:00,4357.37,4357.37,4357.37,4357.37,0.0,4354.29
2017-08-18 11:12:00+00:00,4357.37,4357.37,4357.37,4357.37,0.522578,4343.23
2017-08-18 11:13:00+00:00,4345.14,4354.29,4345.14,4354.29,3.220376,4343.23
2017-08-18 11:14:00+00:00,4353.0,4353.0,4353.0,4353.0,0.03,4343.23
2017-08-18 11:15:00+00:00,4353.0,4354.29,4353.0,4354.29,0.394852,4343.23
2017-08-18 11:16:00+00:00,4354.29,4354.29,4354.29,4354.29,0.462517,4343.23
2017-08-18 11:17:00+00:00,4343.23,4343.23,4343.23,4343.23,0.045213,4343.23
2017-08-18 11:18:00+00:00,4343.23,4343.23,4343.23,4343.23,0.30711,4330.0
2017-08-18 11:19:00+00:00,4343.23,4343.23,4343.23,4343.23,0.059223,4330.0
2017-08-18 11:20:00+00:00,4343.23,4343.23,4343.23,4343.23,0.238648,4330.0
2017-08-18 11:21:00+00:00,4343.23,4343.23,4332.01,4343.23,1.029666,4330.0
2017-08-18 11:22:00+00:00,4343.23,4343.23,4343.23,4343.23,0.111256,4330.0
2017-08-18 11:23:00+00:00,4330.0,4330.0,4330.0,4330.0,0.285262,4330.0
2017-08-18 11:24:00+00:00,4330.0,4330.0,4330.0,4330.0,0.026536,4330.0
2017-08-18 11:25:00+00:00,4330.0,4330.0,4330.0,4330.0,0.255241,4330.0
2017-08-18 11:26:00+00:00,4330.0,4330.0,4330.0,4330.0,0.146711,4330.0
2017-08-18 11:27:00+00:00,4330.0,4330.0,4330.0,4330.0,0.0,4330.0
2017-08-18 11:28:00+00:00,4330.0,4330.0,4330.0,4330.0,0.500248,4330.0
2017-08-18 11:29:00+00:00,4330.0,4330.0,4330.0,4330.0,0.109025,4329.0
2017-08-18 11:30:00+00:00,4330.0,4330.0,4330.0,4330.0,0.421593,4329.0
2017-08-18 11:31:00+00:00,4330.0,4330.0,4330.0,4330.0,0.273493,4329.0
2017-08-18 11:32:00+00:00,4330.0,4330.0,4330.0,4330.0,0.040759,4329.0
2017-08-18 11:33:00+00:00,4330.0,4330.0,4330.0,4330.0,0.0,4329.0
2017-08-18 11:34:00+00:00,4329.0,4329.0,4329.0,4329.0,0.056062,4343.23
2017-08-18 11:35:00+00:00,4329.0,4329.0,4329.0,4329.0,0.439433,4343.23
2017-08-18 11:36:00+00:00,4329.0,4329.0,4329.0,4329.0,0.055866,4343.23
2017-08-18 11:37:00+00:00,4329.0,4329.0,4329.0,4329.0,0.097352,4343.23
2017-08-18 11:38:00+00:00,4329.0,4329.0,4329.0,4329.0,0.0,4343.23
2017-08-18 11:39:00+00:00,4329.0,4343.23,4329.0,4343.23,0.308484,4327.5
2017-08-18 11:40:00+00:00,4343.23,4343.23,4343.23,4343.23,0.021607,4327.5
2017-08-18 11:41:00+00:00,4343.23,4343.23,4343.23,4343.23,0.0,4327.5
2017-08-18 11:42:00+00:00,4343.23,4343.23,4343.23,4343.23,0.0,4327.5
2017-08-18 11:43:00+00:00,4343.23,4343.23,4343.23,4343.23,0.0,4327.5
2017-08-18 11:44:00+00:00,4315.46,4328.2,4315.46,4327.5,6.555275,4343.23
2017-08-18 11:45:00+00:00,4327.5,4327.5,4327.5,4327.5,0.125218,4343.23
2017-08-18 11:46:00+00:00,4302.72,4327.5,4302.72,4327.5,1.488074,4343.23
2017-08-18 11:47:00+00:00,4327.5,4327.5,4327.5,4327.5,0.098663,4340.31
2017-08-18 11:48:00+00:00,4327.5,4327.5,4327.5,4327.5,0.0,4340.31
2017-08-18 11:49:00+00:00,4343.23,4343.23,4343.23,4343.23,0.084583,4340.31
2017-08-18 11:50:00+00:00,4343.23,4343.23,4343.23,4343.23,0.0,4340.31
2017-08-18 11:51:00+00:00,4343.23,4343.23,4343.23,4343.23,0.143176,4340.31
2017-08-18 11:52:00+00:00,4343.23,4343.23,4340.31,4340.31,0.400957,4340.31
2017-08-18 11:53:00+00:00,4340.31,4340.31,4340.31,4340.31,0.21892,4340.31
2017-08-18 11:54:00+00:00,4340.31,4340.31,4340.31,4340.31,0.0,4340.31
2017-08-18 11:55:00+00:00,4340.31,4340.31,4340.31,4340.31,0.425449,4340.31
2017-08-18 11:56:00+00:00,4340.31,4340.31,4340.31,4340.31,0.002273,4340.31
2017-08-18 11:57:00+00:00,4340.31,4340.31,4340.31,4340.31,0.343702,4340.31
2017-08-18 11:58:00+00:00,4340.31,4340.31,4340.31,4340.31,0.015886,4340.31
2017-08-18 11:59:00+00:00,4340.31,4340.31,4340.31,4340.31,0.172748,4340.31
2017-08-18 12:00:00+00:00,4340.31,4340.31,4340.31,4340.31,0.0,4336.52
2017-08-18 12:01:00+00:00,4340.31,4340.31,4340.31,4340.31,0.0,4336.52
2017-08-18 12:02:00+00:00,4340.31,4340.31,4340.31,4340.31,0.0,4336.52
2017-08-18 12:03:00+00:00,4340.31,4340.31,4340.31,4340.31,0.0,4336.52
2017-08-18 12:04:00+00:00,4320.52,4340.31,4320.52,4340.31,3.890942,4336.52
2017-08-18 12:05:00+00:00,4336.52,4336.52,4336.52,4336.52,0.096607,4336.52
2017-08-18 12:06:00+00:00,4336.52,4336.52,4336.52,4336.52,0.154531,4338.8
2017-08-18 12:07:00+00:00,4336.52,4336.52,4336.52,4336.52,0.533887,4338.8
2017-08-18 12:08:00+00:00,4336.52,4336.52,4336.52,4336.52,0.125618,4338.8
2017-08-18 12:09:00+00:00,4336.52,4336.52,4336.52,4336.52,0.828998,4338.8
2017-08-18 12:10:00+00:00,4336.52,4336.52,4336.52,4336.52,0.030092,4338.8
2017-08-18 12:11:00+00:00,4336.52,4338.8,4336.52,4338.8,0.129762,4338.8
2017-08-18 12:12:00+00:00,4338.8,4338.8,4338.8,4338.8,0.29486,4338.8
2017-08-18 12:13:00+00:00,4338.8,4338.8,4338.8,4338.8,0.030182,4340.31
2017-08-18 12:14:00+00:00,4338.8,4338.8,4338.8,4338.8,0.470674,4340.31
2017-08-18 12:15:00+00:00,4338.8,4338.8,4338.8,4338.8,0.053921,4340.31
2017-08-18 12:16:00+00:00,4338.8,4338.8,4338.8,4338.8,0.154315,4340.31
2017-08-18 12:17:00+00:00,4326.69,4338.8,4326.69,4338.8,3.762728,4340.31
2017-08-18 12:18:00+00:00,4338.8,4340.31,4338.8,4340.31,0.503283,4340.31
2017-08-18 12:19:00+00:00,4340.31,4340.31,4340.31,4340.31,0.391388,4340.31
2017-08-18 12:20:00+00:00,4340.31,4340.31,4340.31,4340.31,0.492351,4340.31
2017-08-18 12:21:00+00:00,4340.31,4340.31,4340.31,4340.31,1.066264,4340.3
2017-08-18 12:22:00+00:00,4340.31,4340.31,4340.31,4340.31,0.327138,4340.3
2017-08-18 12:23:00+00:00,4340.31,4340.31,4340.31,4340.31,0.086123,4340.3
2017-08-18 12:24:00+00:00,4340.31,4340.31,4340.31,4340.31,0.320962,4340.3
2017-08-18 12:25:00+00:00,4340.31,4340.31,4340.31,4340.31,0.09903,4340.3
2017-08-18 12:26:00+00:00,4340.3,4340.3,4340.3,4340.3,0.035776,4340.3
2017-08-18 12:27:00+00:00,4340.3,4340.3,4340.3,4340.3,0.038275,4340.3
2017-08-18 12:28:00+00:00,4340.3,4340.3,4340.3,4340.3,0.0,4340.3
2017-08-18 12:29:00+00:00,4340.3,4340.3,4340.3,4340.3,0.0,4340.3
2017-08-18 12:30:00+00:00,4340.3,4340.3,4340.3,4340.3,0.11,4340.3
2017-08-18 12:31:00+00:00,4340.3,4340.3,4340.3,4340.3,0.009023,4340.3
2017-08-18 12:32:00+00:00,4340.3,4340.3,4340.3,4340.3,0.197882,4340.3
2017-08-18 12:33:00+00:00,4340.3,4340.3,4340.3,4340.3,0.0,4340.3
2017-08-18 12:34:00+00:00,4340.3,4340.3,4340.3,4340.3,0.0,4340.3
2017-08-18 12:35:00+00:00,4340.3,4340.3,4340.3,4340.3,0.002693,4331.71
2017-08-18 12:36:00+00:00,4340.3,4340.3,4340.3,4340.3,0.0,4300.74
2017-08-18 12:37:00+00:00,4340.3,4340.3,4340.3,4340.3,0.0,4300.74
2017-08-18 12:38:00+00:00,4340.3,4340.3,4340.3,4340.3,0.0,4300.74
2017-08-18 12:39:00+00:00,4340.3,4340.3,4340.3,4340.3,0.0,4331.71
2017-08-18 12:40:00+00:00,4331.71,4331.71,4301.3,4331.71,0.427421,4287.79
2017-08-18 12:41:00+00:00,4300.74,4300.74,4300.74,4300.74,0.3,4287.79
2017-08-18 12:42:00+00:00,4300.74,4300.74,4300.74,4300.74,0.0,4331.71
2017-08-18 12:43:00+00:00,4300.74,4300.74,4300.74,4300.74,0.015199,4331.71
2017-08-18 12:44:00+00:00,4331.71,4331.71,4331.71,4331.71,0.015145,4331.71
2017-08-18 12:45:00+00:00,4287.79,4287.79,4287.79,4287.79,0.10871,4331.71
2017-08-18 12:46:00+00:00,4287.79,4287.79,4287.79,4287.79,0.0,4331.71
2017-08-18 12:47:00+00:00,4331.71,4331.71,4331.71,4331.71,0.015177,4331.71
2017-08-18 12:48:00+00:00,4331.71,4331.71,4331.71,4331.71,0.0,4331.71
2017-08-18 12:49:00+00:00,4331.71,4331.71,4331.71,4331.71,0.0,4331.71
2017-08-18 12:50:00+00:00,4331.71,4331.71,4331.71,4331.71,0.0,4331.71
2017-08-18 12:51:00+00:00,4331.71,4331.71,4331.71,4331.71,0.0,4331.71
2017-08-18 12:52:00+00:00,4331.71,4331.71,4331.71,4331.71,0.0,4331.71
2017-08-18 12:53:00+00:00,4331.71,4331.71,4331.71,4331.71,0.0,4331.71
2017-08-18 12:54:00+00:00,4331.71,4331.71,4331.71,4331.71,0.0,4331.71
2017-08-18 12:55:00+00:00,4331.71,4331.71,4331.71,4331.71,0.0,4318.16
2017-08-18 12:56:00+00:00,4331.71,4331.71,4331.71,4331.71,0.0,4318.16
2017-08-18 12:57:00+00:00,4331.71,4331.71,4331.71,4331.71,0.0,4318.16
2017-08-18 12:58:00+00:00,4331.71,4331.71,4331.71,4331.71,0.0,4318.16
2017-08-18 12:59:00+00:00,4331.71,4331.71,4331.71,4331.71,0.0,4318.16
2017-08-18 13:00:00+00:00,4302.97,4318.16,4302.97,4318.16,0.030215,4318.16
2017-08-18 13:01:00+00:00,4318.16,4318.16,4318.16,4318.16,0.0,4318.16
2017-08-18 13:02:00+00:00,4318.16,4318.16,4318.16,4318.16,0.0,4318.16
2017-08-18 13:03:00+00:00,4318.16,4318.16,4318.16,4318.16,0.010206,4318.16
2017-08-18 13:04:00+00:00,4318.16,4318.16,4318.16,4318.16,0.0,4318.16
2017-08-18 13:05:00+00:00,4318.16,4318.16,4318.16,4318.16,0.0,4318.16
2017-08-18 13:06:00+00:00,4318.16,4318.16,4318.16,4318.16,0.00451,4318.16
2017-08-18 13:07:00+00:00,4318.16,4318.16,4318.16,4318.16,0.0,4316.45
2017-08-18 13:08:00+00:00,4318.16,4318.16,4318.16,4318.16,1.015048,4307.17
2017-08-18 13:09:00+00:00,4318.16,4318.16,4318.16,4318.16,0.0,4307.17
2017-08-18 13:10:00+00:00,4318.16,4318.16,4318.16,4318.16,0.015048,4307.17
2017-08-18 13:11:00+00:00,4318.16,4318.16,4318.16,4318.16,0.70955,4307.17
2017-08-18 13:12:00+00:00,4285.0,4316.45,4273.74,4316.45,1.128063,4307.17
2017-08-18 13:13:00+00:00,4295.09,4316.45,4295.09,4307.17,5.565388,4307.17
2017-08-18 13:14:00+00:00,4307.17,4307.17,4307.17,4307.17,1.128946,4308.27
2017-08-18 13:15:00+00:00,4307.17,4307.17,4307.17,4307.17,0.608553,4308.27
2017-08-18 13:16:00+00:00,4307.17,4307.17,4307.17,4307.17,0.258699,4308.27
2017-08-18 13:17:00+00:00,4307.17,4307.17,4307.17,4307.17,0.831618,4308.27
2017-08-18 13:18:00+00:00,4307.17,4307.17,4307.17,4307.17,0.0,4308.27
2017-08-18 13:19:00+00:00,4308.27,4308.27,4308.27,4308.27,0.09133,4308.27
2017-08-18 13:20:00+00:00,4308.27,4308.27,4308.27,4308.27,0.37215,4278.05
2017-08-18 13:21:00+00:00,4308.27,4308.27,4308.27,4308.27,0.0,4278.05
2017-08-18 13:22:00+00:00,4308.27,4308.27,4308.27,4308.27,0.010071,4278.05
2017-08-18 13:23:00+00:00,4308.27,4308.27,4308.27,4308.27,0.0,4278.0
2017-08-18 13:24:00+00:00,4308.27,4308.27,4308.27,4308.27,0.0,4278.0
2017-08-18 13:25:00+00:00,4278.05,4278.05,4278.05,4278.05,0.015188,4262.96
2017-08-18 13:26:00+00:00,4278.05,4278.05,4278.05,4278.05,0.045564,4260.0
2017-08-18 13:27:00+00:00,4278.05,4278.05,4278.05,4278.05,0.030572,4260.0
2017-08-18 13:28:00+00:00,4278.05,4278.05,4278.0,4278.0,0.057998,4260.0
2017-08-18 13:29:00+00:00,4278.0,4278.0,4278.0,4278.0,0.030144,4261.99
2017-08-18 13:30:00+00:00,4278.0,4278.0,4262.96,4262.96,0.060307,4278.05
2017-08-18 13:31:00+00:00,4262.96,4262.96,4260.0,4260.0,0.060369,4261.99
2017-08-18 13:32:00+00:00,4260.0,4260.0,4260.0,4260.0,0.060776,4261.99
2017-08-18 13:33:00+00:00,4260.0,4260.0,4260.0,4260.0,0.045582,4262.99
2017-08-18 13:34:00+00:00,4260.0,4278.05,4221.05,4261.99,0.363064,4242.02
2017-08-18 13:35:00+00:00,4247.98,4278.05,4247.98,4278.05,5.162007,4262.99
2017-08-18 13:36:00+00:00,4278.05,4278.05,4261.99,4261.99,0.91799,4278.05
2017-08-18 13:37:00+00:00,4261.99,4261.99,4261.99,4261.99,0.819765,4278.05
2017-08-18 13:38:00+00:00,4261.99,4262.99,4261.99,4262.99,1.626398,4274.77
2017-08-18 13:39:00+00:00,4242.02,4242.02,4242.02,4242.02,3.219375,4293.65
2017-08-18 13:40:00+00:00,4262.99,4262.99,4262.99,4262.99,0.130817,4293.65
2017-08-18 13:41:00+00:00,4262.99,4278.05,4262.99,4278.05,2.022118,4287.09
2017-08-18 13:42:00+00:00,4278.05,4278.05,4278.05,4278.05,2.867448,4287.09
2017-08-18 13:43:00+00:00,4255.9,4274.77,4255.9,4274.77,3.769563,4287.09
2017-08-18 13:44:00+00:00,4274.77,4293.65,4274.77,4293.65,3.602666,4287.09
2017-08-18 13:45:00+00:00,4293.65,4293.65,4293.65,4293.65,0.0,4268.51
2017-08-18 13:46:00+00:00,4287.09,4287.09,4287.09,4287.09,0.13947,4287.09
2017-08-18 13:47:00+00:00,4287.09,4287.09,4287.09,4287.09,0.484569,4287.09
2017-08-18 13:48:00+00:00,4287.09,4287.09,4287.09,4287.09,0.527005,4288.84
2017-08-18 13:49:00+00:00,4287.09,4287.09,4287.09,4287.09,0.414013,4288.84
2017-08-18 13:50:00+00:00,4268.51,4268.51,4268.51,4268.51,3.259366,4288.84
2017-08-18 13:51:00+00:00,4287.09,4287.09,4287.09,4287.09,1.307847,4293.09
2017-08-18 13:52:00+00:00,4287.09,4287.09,4287.09,4287.09,0.547817,4293.09
2017-08-18 13:53:00+00:00,4288.84,4288.84,4288.84,4288.84,1.252572,4293.09
2017-08-18 13:54:00+00:00,4288.84,4288.84,4288.84,4288.84,0.457781,4293.09
2017-08-18 13:55:00+00:00,4288.84,4288.84,4288.84,4288.84,0.034808,4293.09
2017-08-18 13:56:00+00:00,4288.84,4293.09,4288.84,4293.09,0.278569,4293.09
2017-08-18 13:57:00+00:00,4293.09,4293.09,4293.09,4293.09,0.0,4293.05
2017-08-18 13:58:00+00:00,4293.09,4293.09,4293.09,4293.09,0.655949,4293.05
2017-08-18 13:59:00+00:00,4293.09,4293.09,4293.09,4293.09,0.486895,4293.05
2017-08-18 14:00:00+00:00,4293.09,4293.09,4293.09,4293.09,0.394545,4285.71
2017-08-18 14:01:00+00:00,4293.09,4293.09,4293.09,4293.09,0.084713,4286.72
2017-08-18 14:02:00+00:00,4293.05,4293.05,4293.05,4293.05,0.847744,4273.61
2017-08-18 14:03:00+00:00,4271.49,4293.05,4271.49,4293.05,3.32589,4273.61
2017-08-18 14:04:00+00:00,4293.05,4293.05,4293.05,4293.05,0.296663,4273.61
2017-08-18 14:05:00+00:00,4285.71,4285.71,4285.71,4285.71,1.015731,4286.72
2017-08-18 14:06:00+00:00,4285.71,4288.61,4285.71,4286.72,2.589034,4286.72
2017-08-18 14:07:00+00:00,4261.77,4273.61,4261.77,4273.61,5.330246,4261.88
2017-08-18 14:08:00+00:00,4273.61,4273.61,4273.61,4273.61,0.0,4272.92
2017-08-18 14:09:00+00:00,4273.61,4273.61,4273.61,4273.61,1.04376,4272.92
2017-08-18 14:10:00+00:00,4273.61,4286.72,4273.61,4286.72,0.500695,4272.92
2017-08-18 14:11:00+00:00,4286.72,4286.72,4286.72,4286.72,0.390803,4272.92
2017-08-18 14:12:00+00:00,4261.88,4261.88,4261.88,4261.88,3.180336,4272.92
2017-08-18 14:13:00+00:00,4272.92,4272.92,4272.92,4272.92,0.747544,4272.92
2017-08-18 14:14:00+00:00,4272.92,4272.92,4272.92,4272.92,0.028664,4272.92
2017-08-18 14:15:00+00:00,4272.92,4272.92,4272.92,4272.92,0.387493,4258.97
2017-08-18 14:16:00+00:00,4272.92,4272.92,4272.92,4272.92,0.0,4258.97
2017-08-18 14:17:00+00:00,4272.92,4272.92,4272.92,4272.92,0.093347,4241.91
2017-08-18 14:18:00+00:00,4272.92,4272.92,4272.92,4272.92,0.024476,4234.88
2017-08-18 14:19:00+00:00,4272.92,4272.92,4272.92,4272.92,0.107711,4243.91
2017-08-18 14:20:00+00:00,4258.97,4258.97,4258.97,4258.97,0.614957,4257.63
2017-08-18 14:21:00+00:00,4258.97,4258.97,4258.97,4258.97,1.357694,4256.49
2017-08-18 14:22:00+00:00,4224.72,4241.91,4224.72,4241.91,5.629036,4256.79
2017-08-18 14:23:00+00:00,4234.88,4234.88,4234.88,4234.88,0.47074,4252.34
2017-08-18 14:24:00+00:00,4243.91,4243.91,4243.91,4243.91,0.270402,4256.79
2017-08-18 14:25:00+00:00,4232.58,4257.63,4232.58,4257.63,3.803295,4256.79
2017-08-18 14:26:00+00:00,4256.49,4256.49,4256.49,4256.49,0.641501,4252.92
2017-08-18 14:27:00+00:00,4256.79,4256.79,4256.79,4256.79,2.279178,4224.73
2017-08-18 14:28:00+00:00,4232.16,4256.79,4232.16,4252.34,5.113281,4193.7
2017-08-18 14:29:00+00:00,4252.34,4256.79,4252.34,4256.79,1.301932,4221.83
2017-08-18 14:30:00+00:00,4256.79,4256.79,4256.79,4256.79,0.0,4221.83
2017-08-18 14:31:00+00:00,4229.42,4252.92,4229.42,4252.92,2.624246,4221.83
2017-08-18 14:32:00+00:00,4209.21,4224.73,4209.21,4224.73,5.500104,4204.76
2017-08-18 14:33:00+00:00,4224.73,4224.73,4193.7,4193.7,0.778676,4204.76
2017-08-18 14:34:00+00:00,4221.83,4221.83,4221.83,4221.83,0.461147,4221.83
2017-08-18 14:35:00+00:00,4221.83,4221.83,4221.83,4221.83,0.14433,4204.76
2017-08-18 14:36:00+00:00,4200.02,4221.83,4200.02,4221.83,3.947574,4204.76
2017-08-18 14:37:00+00:00,4206.77,4206.77,4204.76,4204.76,1.772429,4204.76
2017-08-18 14:38:00+00:00,4204.76,4204.76,4204.76,4204.76,1.079213,4204.76
2017-08-18 14:39:00+00:00,4204.76,4221.83,4204.76,4221.83,0.756141,4243.72
2017-08-18 14:40:00+00:00,4204.76,4204.76,4204.76,4204.76,0.337354,4247.83
2017-08-18 14:41:00+00:00,4204.76,4204.76,4204.76,4204.76,0.254687,4247.83
2017-08-18 14:42:00+00:00,4204.76,4204.76,4204.76,4204.76,0.388048,4247.83
2017-08-18 14:43:00+00:00,4204.76,4204.76,4204.76,4204.76,0.291952,4247.83
2017-08-18 14:44:00+00:00,4243.72,4243.72,4243.72,4243.72,0.652156,4247.83
2017-08-18 14:45:00+00:00,4232.82,4247.83,4232.82,4247.83,5.943088,4247.83
2017-08-18 14:46:00+00:00,4249.85,4249.85,4247.83,4247.83,0.353763,4247.83
2017-08-18 14:47:00+00:00,4249.85,4249.85,4247.83,4247.83,0.82131,4240.32
2017-08-18 14:48:00+00:00,4247.83,4247.83,4247.83,4247.83,0.339243,4247.83
2017-08-18 14:49:00+00:00,4247.83,4247.83,4247.83,4247.83,0.0,4247.83
2017-08-18 14:50:00+00:00,4247.83,4247.83,4247.83,4247.83,0.638913,4247.83
2017-08-18 14:51:00+00:00,4247.83,4247.83,4247.83,4247.83,0.388949,4259.4
2017-08-18 14:52:00+00:00,4240.32,4240.32,4240.32,4240.32,3.056101,4257.63
2017-08-18 14:53:00+00:00,4247.83,4247.83,4247.83,4247.83,0.660808,4259.4
2017-08-18 14:54:00+00:00,4247.83,4247.83,4247.83,4247.83,0.055712,4259.4
2017-08-18 14:55:00+00:00,4247.83,4247.83,4247.83,4247.83,0.148272,4259.4
2017-08-18 14:56:00+00:00,4247.83,4259.4,4247.83,4259.4,0.752823,4259.4
2017-08-18 14:57:00+00:00,4257.63,4257.63,4257.63,4257.63,0.02949,4259.4
2017-08-18 14:58:00+00:00,4259.4,4259.4,4259.4,4259.4,0.321003,4255.0
2017-08-18 14:59:00+00:00,4259.4,4259.4,4259.4,4259.4,0.0,4255.0
2017-08-18 15:00:00+00:00,4259.4,4259.4,4259.4,4259.4,0.45341,4255.0
2017-08-18 15:01:00+00:00,4259.4,4259.4,4259.4,4259.4,0.318523,4255.0
2017-08-18 15:02:00+00:00,4259.4,4259.4,4259.4,4259.4,0.323926,4232.83
2017-08-18 15:03:00+00:00,4255.0,4255.0,4255.0,4255.0,0.285246,4256.97
2017-08-18 15:04:00+00:00,4255.0,4255.0,4255.0,4255.0,0.045122,4256.97
2017-08-18 15:05:00+00:00,4255.0,4255.0,4255.0,4255.0,0.244907,4256.97
2017-08-18 15:06:00+00:00,4255.0,4255.0,4255.0,4255.0,0.543786,4253.71
2017-08-18 15:07:00+00:00,4256.97,4256.97,4232.83,4232.83,0.272275,4253.71
2017-08-18 15:08:00+00:00,4244.89,4256.97,4244.89,4256.97,3.381573,4253.71
2017-08-18 15:09:00+00:00,4256.97,4256.97,4256.97,4256.97,0.063096,4253.71
2017-08-18 15:10:00+00:00,4256.97,4256.97,4256.97,4256.97,2.007267,4253.71
2017-08-18 15:11:00+00:00,4253.71,4253.71,4253.71,4253.71,0.208712,4249.42
2017-08-18 15:12:00+00:00,4253.71,4253.71,4253.71,4253.71,0.400196,4249.42
2017-08-18 15:13:00+00:00,4253.71,4253.71,4253.71,4253.71,0.057971,4249.42
2017-08-18 15:14:00+00:00,4253.71,4253.71,4253.71,4253.71,0.084526,4249.42
2017-08-18 15:15:00+00:00,4253.71,4253.71,4253.71,4253.71,0.0,4249.42
2017-08-18 15:16:00+00:00,4249.42,4249.42,4249.42,4249.42,0.36847,4249.42
2017-08-18 15:17:00+00:00,4249.42,4249.42,4249.42,4249.42,0.089753,4236.53
2017-08-18 15:18:00+00:00,4249.42,4249.42,4249.42,4249.42,0.0,4225.84
2017-08-18 15:19:00+00:00,4249.42,4249.42,4249.42,4249.42,0.103868,4225.84
2017-08-18 15:20:00+00:00,4249.42,4249.42,4249.42,4249.42,0.005356,4229.86
2017-08-18 15:21:00+00:00,4249.42,4249.42,4249.42,4249.42,0.035947,4229.86
2017-08-18 15:22:00+00:00,4236.53,4236.53,4236.53,4236.53,1.900524,4229.86
2017-08-18 15:23:00+00:00,4225.84,4225.84,4225.84,4225.84,0.964462,4229.86
2017-08-18 15:24:00+00:00,4209.5,4225.84,4209.5,4225.84,3.282688,4229.86
2017-08-18 15:25:00+00:00,4225.84,4229.86,4225.84,4229.86,1.331536,4229.86
2017-08-18 15:26:00+00:00,4229.86,4229.86,4229.86,4229.86,0.731151,4229.86
2017-08-18 15:27:00+00:00,4229.86,4229.86,4229.86,4229.86,0.338509,4229.86
2017-08-18 15:28:00+00:00,4229.86,4229.86,4229.86,4229.86,0.386107,4229.86
2017-08-18 15:29:00+00:00,4229.86,4229.86,4229.86,4229.86,0.088777,4229.86
2017-08-18 15:30:00+00:00,4200.0,4229.86,4200.0,4229.86,0.261451,4229.86
2017-08-18 15:31:00+00:00,4229.86,4229.86,4229.86,4229.86,0.083744,4249.42
2017-08-18 15:32:00+00:00,4229.86,4229.86,4229.86,4229.86,0.052495,4249.42
2017-08-18 15:33:00+00:00,4229.86,4229.86,4229.86,4229.86,0.249481,4249.42
2017-08-18 15:34:00+00:00,4229.86,4229.86,4229.86,4229.86,0.177591,4249.51
2017-08-18 15:35:00+00:00,4229.86,4229.86,4229.86,4229.86,0.117802,4249.51
2017-08-18 15:36:00+00:00,4229.86,4249.42,4229.86,4249.42,0.570563,4249.51
2017-08-18 15:37:00+00:00,4229.85,4249.42,4229.85,4249.42,4.003066,4249.51
2017-08-18 15:38:00+00:00,4249.42,4249.42,4249.42,4249.42,0.0,4249.51
2017-08-18 15:39:00+00:00,4249.42,4249.51,4249.42,4249.51,0.666644,4249.51
2017-08-18 15:40:00+00:00,4249.51,4249.51,4249.51,4249.51,0.027653,4248.0
2017-08-18 15:41:00+00:00,4249.51,4249.51,4249.51,4249.51,0.209282,4248.95
2017-08-18 15:42:00+00:00,4249.51,4249.51,4249.51,4249.51,0.631764,4248.95
2017-08-18 15:43:00+00:00,4249.51,4249.51,4249.51,4249.51,0.296614,4248.95
2017-08-18 15:44:00+00:00,4248.0,4249.51,4248.0,4249.51,0.048843,4248.95
2017-08-18 15:45:00+00:00,4248.0,4248.0,4248.0,4248.0,0.148638,4234.54
2017-08-18 15:46:00+00:00,4248.0,4248.95,4248.0,4248.95,0.93914,4234.54
2017-08-18 15:47:00+00:00,4248.95,4248.95,4248.95,4248.95,0.0,4234.54
2017-08-18 15:48:00+00:00,4248.95,4248.95,4248.95,4248.95,0.379162,4248.95
2017-08-18 15:49:00+00:00,4248.95,4248.95,4248.95,4248.95,0.0,4236.89
2017-08-18 15:50:00+00:00,4234.54,4248.95,4234.54,4234.54,1.114419,4236.89
2017-08-18 15:51:00+00:00,4234.54,4234.54,4234.54,4234.54,0.922302,4234.54
2017-08-18 15:52:00+00:00,4234.54,4234.54,4234.54,4234.54,0.117352,4244.17
2017-08-18 15:53:00+00:00,4234.54,4248.95,4234.54,4248.95,1.387422,4244.17
2017-08-18 15:54:00+00:00,4236.89,4236.89,4236.89,4236.89,0.260089,4236.89
2017-08-18 15:55:00+00:00,4236.89,4236.89,4236.89,4236.89,0.132284,4236.89
2017-08-18 15:56:00+00:00,4235.71,4235.71,4234.54,4234.54,3.152937,4234.54
2017-08-18 15:57:00+00:00,4236.89,4244.17,4234.54,4244.17,3.943392,4236.89
2017-08-18 15:58:00+00:00,4244.17,4244.17,4244.17,4244.17,0.166077,4235.9
2017-08-18 15:59:00+00:00,4234.54,4244.17,4234.54,4236.89,1.569826,4235.9
2017-08-18 16:00:00+00:00,4236.89,4236.89,4236.89,4236.89,0.0,4242.91
2017-08-18 16:01:00+00:00,4234.54,4234.54,4234.54,4234.54,0.041,4242.91
2017-08-18 16:02:00+00:00,4236.89,4236.89,4236.89,4236.89,0.056,4242.91
2017-08-18 16:03:00+00:00,4235.9,4236.89,4235.9,4235.9,0.642119,4243.84
2017-08-18 16:04:00+00:00,4235.9,4235.9,4235.9,4235.9,0.365934,4243.84
2017-08-18 16:05:00+00:00,4235.9,4242.91,4235.9,4242.91,0.479104,4243.84
2017-08-18 16:06:00+00:00,4242.91,4242.91,4242.91,4242.91,0.669376,4243.84
2017-08-18 16:07:00+00:00,4242.91,4242.91,4242.91,4242.91,0.25129,4243.84
2017-08-18 16:08:00+00:00,4243.84,4243.84,4243.84,4243.84,0.230626,4249.51
2017-08-18 16:09:00+00:00,4243.84,4243.84,4243.84,4243.84,0.123701,4249.51
2017-08-18 16:10:00+00:00,4239.18,4243.84,4239.18,4243.84,3.651115,4234.54
2017-08-18 16:11:00+00:00,4243.84,4243.84,4243.84,4243.84,0.0,4259.36
2017-08-18 16:12:00+00:00,4243.84,4243.84,4243.84,4243.84,0.508488,4259.36
2017-08-18 16:13:00+00:00,4243.84,4249.51,4243.84,4249.51,0.26596,4268.52
2017-08-18 16:14:00+00:00,4249.51,4249.51,4249.51,4249.51,1.325197,4268.52
2017-08-18 16:15:00+00:00,4249.51,4249.51,4234.54,4234.54,0.287276,4268.52
2017-08-18 16:16:00+00:00,4259.36,4259.36,4259.36,4259.36,0.222611,4268.52
2017-08-18 16:17:00+00:00,4259.36,4259.36,4259.36,4259.36,3.57392,4268.52
2017-08-18 16:18:00+00:00,4268.52,4268.52,4268.52,4268.52,0.933727,4268.52
2017-08-18 16:19:00+00:00,4268.52,4268.52,4268.52,4268.52,0.434593,4275.63
2017-08-18 16:20:00+00:00,4252.71,4268.52,4252.71,4268.52,3.968035,4275.63
2017-08-18 16:21:00+00:00,4268.52,4268.52,4268.52,4268.52,0.150464,4275.63
2017-08-18 16:22:00+00:00,4268.52,4268.52,4268.52,4268.52,0.039919,4275.63
2017-08-18 16:23:00+00:00,4268.52,4268.52,4268.52,4268.52,0.232439,4273.78
2017-08-18 16:24:00+00:00,4268.52,4275.63,4268.52,4275.63,0.756733,4273.78
2017-08-18 16:25:00+00:00,4275.63,4275.63,4275.63,4275.63,0.228948,4273.78
2017-08-18 16:26:00+00:00,4275.63,4275.63,4275.63,4275.63,0.881035,4275.63
2017-08-18 16:27:00+00:00,4275.63,4275.63,4275.63,4275.63,0.239884,4275.63
2017-08-18 16:28:00+00:00,4275.63,4275.63,4273.78,4273.78,0.376134,4266.72
2017-08-18 16:29:00+00:00,4273.78,4273.78,4273.78,4273.78,0.044129,4266.72
2017-08-18 16:30:00+00:00,4273.78,4273.78,4273.78,4273.78,0.121217,4265.77
2017-08-18 16:31:00+00:00,4275.63,4275.63,4275.63,4275.63,0.393416,4265.77
2017-08-18 16:32:00+00:00,4275.63,4275.63,4275.63,4275.63,0.0,4254.88
2017-08-18 16:33:00+00:00,4266.72,4266.72,4266.72,4266.72,1.113605,4266.72
2017-08-18 16:34:00+00:00,4250.63,4266.72,4250.63,4266.72,3.66834,4266.72
2017-08-18 16:35:00+00:00,4266.72,4266.72,4265.77,4265.77,0.561679,4266.72
2017-08-18 16:36:00+00:00,4265.77,4265.77,4265.77,4265.77,1.50123,4266.7
2017-08-18 16:37:00+00:00,4254.88,4266.72,4254.88,4254.88,0.801149,4266.7
2017-08-18 16:38:00+00:00,4266.72,4266.72,4266.72,4266.72,0.376831,4266.7
2017-08-18 16:39:00+00:00,4266.72,4266.72,4266.72,4266.72,0.0,4266.7
2017-08-18 16:40:00+00:00,4266.72,4266.72,4266.72,4266.72,0.060301,4283.79
2017-08-18 16:41:00+00:00,4266.7,4266.72,4266.7,4266.7,0.105811,4283.79
2017-08-18 16:42:00+00:00,4266.7,4266.7,4266.7,4266.7,0.342227,4273.03
2017-08-18 16:43:00+00:00,4266.7,4266.7,4266.7,4266.7,0.0,4273.03
2017-08-18 16:44:00+00:00,4266.7,4266.7,4266.7,4266.7,0.385786,4267.0
2017-08-18 16:45:00+00:00,4262.38,4283.79,4262.38,4283.79,3.365388,4267.0
2017-08-18 16:46:00+00:00,4283.79,4283.79,4283.79,4283.79,0.2248,4267.01
2017-08-18 16:47:00+00:00,4283.79,4283.79,4273.03,4273.03,0.616115,4267.0
2017-08-18 16:48:00+00:00,4273.03,4273.03,4273.03,4273.03,0.258136,4266.7
2017-08-18 16:49:00+00:00,4273.03,4273.03,4267.0,4267.0,0.859873,4266.7
2017-08-18 16:50:00+00:00,4267.0,4267.0,4267.0,4267.0,1.536803,4251.8
2017-08-18 16:51:00+00:00,4266.85,4267.01,4266.85,4267.01,3.62621,4251.8
2017-08-18 16:52:00+00:00,4267.01,4267.01,4267.0,4267.0,0.411669,4250.34
2017-08-18 16:53:00+00:00,4267.0,4267.0,4266.7,4266.7,1.527478,4250.34
2017-08-18 16:54:00+00:00,4266.7,4266.7,4266.7,4266.7,0.0,4250.34
2017-08-18 16:55:00+00:00,4251.8,4251.8,4251.8,4251.8,0.735454,4250.34
2017-08-18 16:56:00+00:00,4251.8,4251.8,4251.8,4251.8,0.225133,4246.93
2017-08-18 16:57:00+00:00,4250.34,4250.34,4250.34,4250.34,0.889928,4240.73
2017-08-18 16:58:00+00:00,4250.34,4250.34,4250.34,4250.34,0.0,4240.73
2017-08-18 16:59:00+00:00,4250.34,4250.34,4250.34,4250.34,0.350488,4240.73
2017-08-18 17:00:00+00:00,4250.34,4250.34,4250.34,4250.34,0.0,4240.73
2017-08-18 17:01:00+00:00,4250.34,4250.34,4246.93,4246.93,0.273659,4233.46
2017-08-18 17:02:00+00:00,4240.73,4240.73,4240.73,4240.73,4.494945,4227.35
2017-08-18 17:03:00+00:00,4240.73,4240.73,4240.73,4240.73,1.55496,4227.35
2017-08-18 17:04:00+00:00,4237.63,4240.73,4237.63,4240.73,5.482912,4230.12
2017-08-18 17:05:00+00:00,4240.73,4240.73,4240.73,4240.73,5.377231,4230.12
2017-08-18 17:06:00+00:00,4234.54,4234.54,4233.46,4233.46,1.119129,4226.84
2017-08-18 17:07:00+00:00,4233.46,4233.46,4227.35,4227.35,2.399703,4226.84
2017-08-18 17:08:00+00:00,4227.35,4227.35,4227.35,4227.35,0.70188,4226.84
2017-08-18 17:09:00+00:00,4227.35,4230.12,4227.35,4230.12,1.23479,4226.84
2017-08-18 17:10:00+00:00,4230.12,4230.12,4230.12,4230.12,0.040038,4231.86
2017-08-18 17:11:00+00:00,4230.12,4230.12,4226.84,4226.84,5.647476,4231.86
2017-08-18 17:12:00+00:00,4226.84,4226.84,4226.84,4226.84,0.368237,4231.86
2017-08-18 17:13:00+00:00,4210.0,4226.84,4210.0,4226.84,3.083981,4231.86
2017-08-18 17:14:00+00:00,4226.84,4226.84,4226.84,4226.84,0.224206,4231.86
2017-08-18 17:15:00+00:00,4226.84,4231.86,4226.84,4231.86,0.282659,4246.93
2017-08-18 17:16:00+00:00,4231.86,4231.86,4231.86,4231.86,0.0,4246.93
2017-08-18 17:17:00+00:00,4231.86,4231.86,4231.86,4231.86,0.532324,4246.93
2017-08-18 17:18:00+00:00,4231.86,4231.86,4231.86,4231.86,0.668964,4246.93
2017-08-18 17:19:00+00:00,4231.86,4231.86,4231.86,4231.86,0.445452,4231.86
2017-08-18 17:20:00+00:00,4231.86,4246.93,4231.86,4246.93,0.399284,4231.86
2017-08-18 17:21:00+00:00,4246.93,4246.93,4246.93,4246.93,0.636654,4231.86
2017-08-18 17:22:00+00:00,4246.93,4246.93,4246.93,4246.93,0.283124,4229.44
2017-08-18 17:23:00+00:00,4246.93,4246.93,4246.93,4246.93,0.176046,4229.44
2017-08-18 17:24:00+00:00,4246.93,4246.93,4231.86,4231.86,0.896398,4197.73
2017-08-18 17:25:00+00:00,4219.48,4231.86,4219.48,4231.86,4.146746,4176.64
2017-08-18 17:26:00+00:00,4231.86,4231.86,4231.86,4231.86,0.0,4176.64
2017-08-18 17:27:00+00:00,4229.44,4229.44,4229.44,4229.44,1.770142,4176.64
2017-08-18 17:28:00+00:00,4229.44,4229.44,4229.44,4229.44,0.035151,4124.35
2017-08-18 17:29:00+00:00,4197.73,4197.73,4197.73,4197.73,0.238,4093.73
2017-08-18 17:30:00+00:00,4176.64,4176.64,4176.64,4176.64,0.357,4126.45
2017-08-18 17:31:00+00:00,4176.64,4176.64,4176.64,4176.64,0.0,4126.45
2017-08-18 17:32:00+00:00,4176.64,4176.64,4176.64,4176.64,0.0,4126.44
2017-08-18 17:33:00+00:00,4134.68,4134.68,4124.35,4124.35,0.208,4126.44
2017-08-18 17:34:00+00:00,4124.35,4124.35,4093.73,4093.73,1.80168,4126.44
2017-08-18 17:35:00+00:00,4102.78,4126.45,4066.53,4126.45,7.411782,4158.56
2017-08-18 17:36:00+00:00,4126.45,4126.45,4126.45,4126.45,0.0,4158.56
2017-08-18 17:37:00+00:00,4126.44,4126.44,4126.44,4126.44,0.894672,4158.56
2017-08-18 17:38:00+00:00,4126.44,4126.44,4126.44,4126.44,0.214893,4158.56
2017-08-18 17:39:00+00:00,4126.44,4126.44,4126.44,4126.44,0.160436,4158.56
2017-08-18 17:40:00+00:00,4158.56,4158.56,4158.56,4158.56,0.240069,4155.0
2017-08-18 17:41:00+00:00,4158.56,4158.56,4158.56,4158.56,0.0,4140.84
2017-08-18 17:42:00+00:00,4158.56,4158.56,4158.56,4158.56,0.0,4175.0
2017-08-18 17:43:00+00:00,4158.56,4158.56,4158.56,4158.56,0.0,4175.37
2017-08-18 17:44:00+00:00,4158.56,4158.56,4158.56,4158.56,0.0,4161.59
2017-08-18 17:45:00+00:00,4155.0,4155.0,4155.0,4155.0,0.12298,4161.59
2017-08-18 17:46:00+00:00,4169.28,4175.0,4140.84,4140.84,3.747216,4161.59
2017-08-18 17:47:00+00:00,4174.82,4175.0,4174.82,4175.0,0.306476,4175.37
2017-08-18 17:48:00+00:00,4174.82,4175.37,4174.82,4175.37,0.380585,4175.37
2017-08-18 17:49:00+00:00,4161.59,4161.59,4161.59,4161.59,0.510897,4197.73
2017-08-18 17:50:00+00:00,4161.59,4161.59,4161.59,4161.59,1.198954,4193.35
2017-08-18 17:51:00+00:00,4161.58,4161.59,4161.58,4161.59,0.541919,4193.35
2017-08-18 17:52:00+00:00,4161.58,4175.37,4161.58,4175.37,0.658771,4193.35
2017-08-18 17:53:00+00:00,4175.37,4175.37,4175.37,4175.37,0.064105,4193.35
2017-08-18 17:54:00+00:00,4197.73,4197.73,4197.73,4197.73,0.314843,4193.35
2017-08-18 17:55:00+00:00,4193.35,4193.35,4193.35,4193.35,0.026628,4192.0
2017-08-18 17:56:00+00:00,4146.35,4193.35,4146.35,4193.35,0.504141,4192.0
2017-08-18 17:57:00+00:00,4193.35,4193.35,4193.35,4193.35,0.0,4192.0
2017-08-18 17:58:00+00:00,4193.35,4193.35,4193.35,4193.35,0.294404,4192.0
2017-08-18 17:59:00+00:00,4193.35,4193.35,4193.35,4193.35,0.216924,4192.0
2017-08-18 18:00:00+00:00,4171.17,4192.0,4171.17,4192.0,0.987994,4174.32
2017-08-18 18:01:00+00:00,4192.0,4192.0,4192.0,4192.0,0.0,4161.59
2017-08-18 18:02:00+00:00,4192.0,4192.0,4192.0,4192.0,0.0,4161.59
2017-08-18 18:03:00+00:00,4192.0,4192.0,4192.0,4192.0,0.0,4174.32
2017-08-18 18:04:00+00:00,4192.0,4192.0,4192.0,4192.0,0.0,4174.32
2017-08-18 18:05:00+00:00,4174.32,4174.32,4174.32,4174.32,0.12,4160.0
2017-08-18 18:06:00+00:00,4171.17,4171.17,4161.59,4161.59,0.398,4174.32
2017-08-18 18:07:00+00:00,4161.59,4161.59,4144.33,4161.59,3.386463,4174.0
2017-08-18 18:08:00+00:00,4160.0,4174.32,4160.0,4174.32,0.281798,4174.0
2017-08-18 18:09:00+00:00,4174.32,4174.32,4174.32,4174.32,0.052791,4174.0
2017-08-18 18:10:00+00:00,4174.32,4174.32,4160.0,4160.0,0.673299,4161.57
2017-08-18 18:11:00+00:00,4174.0,4174.32,4174.0,4174.32,0.094264,4161.57
2017-08-18 18:12:00+00:00,4174.0,4174.0,4174.0,4174.0,0.029837,4161.57
2017-08-18 18:13:00+00:00,4174.0,4174.0,4174.0,4174.0,0.0,4161.57
2017-08-18 18:14:00+00:00,4174.0,4174.0,4174.0,4174.0,0.703047,4161.57
2017-08-18 18:15:00+00:00,4161.57,4161.57,4161.57,4161.57,0.238448,4161.57
2017-08-18 18:16:00+00:00,4161.57,4161.57,4161.57,4161.57,0.504839,4174.36
2017-08-18 18:17:00+00:00,4161.57,4161.57,4161.57,4161.57,0.564266,4173.63
2017-08-18 18:18:00+00:00,4161.57,4161.57,4128.0,4161.57,0.546967,4173.63
2017-08-18 18:19:00+00:00,4144.78,4176.64,4144.78,4161.57,3.74218,4173.63
2017-08-18 18:20:00+00:00,4161.57,4161.57,4161.57,4161.57,0.0,4175.35
2017-08-18 18:21:00+00:00,4176.64,4176.64,4174.36,4174.36,0.62491,4175.35
2017-08-18 18:22:00+00:00,4174.36,4176.64,4173.63,4173.63,0.631359,4174.0
2017-08-18 18:23:00+00:00,4173.63,4173.63,4173.63,4173.63,0.076626,4297.75
2017-08-18 18:24:00+00:00,4173.63,4173.63,4173.63,4173.63,0.025076,4173.0
2017-08-18 18:25:00+00:00,4173.63,4175.35,4173.63,4175.35,0.166628,4172.99
2017-08-18 18:26:00+00:00,4175.35,4175.35,4175.35,4175.35,0.223297,4172.99
2017-08-18 18:27:00+00:00,4174.0,4174.0,4174.0,4174.0,0.183441,4177.41
2017-08-18 18:28:00+00:00,4173.0,4297.75,4173.0,4297.75,2.124892,4172.99
2017-08-18 18:29:00+00:00,4173.0,4173.0,4173.0,4173.0,0.123262,4177.41
2017-08-18 18:30:00+00:00,4172.99,4172.99,4172.99,4172.99,1.139427,4177.41
2017-08-18 18:31:00+00:00,4172.99,4172.99,4172.99,4172.99,0.093,4177.41
2017-08-18 18:32:00+00:00,4172.99,4177.41,4172.0,4177.41,1.838647,4177.41
2017-08-18 18:33:00+00:00,4158.55,4172.99,4158.55,4172.99,0.677107,4177.41
2017-08-18 18:34:00+00:00,4177.41,4177.41,4177.41,4177.41,0.204859,4175.0
2017-08-18 18:35:00+00:00,4177.41,4177.41,4177.41,4177.41,0.0,4175.0
2017-08-18 18:36:00+00:00,4177.41,4177.41,4177.41,4177.41,0.0,4175.0
2017-08-18 18:37:00+00:00,4177.41,4177.41,4177.41,4177.41,0.0,4175.0
2017-08-18 18:38:00+00:00,4177.41,4177.41,4177.41,4177.41,0.0,4175.0
2017-08-18 18:39:00+00:00,4175.0,4175.0,4175.0,4175.0,0.192184,4175.0
2017-08-18 18:40:00+00:00,4175.0,4175.0,4175.0,4175.0,0.0,4175.0
2017-08-18 18:41:00+00:00,4175.0,4175.0,4175.0,4175.0,0.0,4175.0
2017-08-18 18:42:00+00:00,4166.77,4175.0,4166.77,4175.0,0.161441,4175.0
2017-08-18 18:43:00+00:00,4175.0,4175.0,4175.0,4175.0,0.0,4175.0
2017-08-18 18:44:00+00:00,4175.0,4175.0,4175.0,4175.0,0.0,4158.55
2017-08-18 18:45:00+00:00,4175.0,4175.0,4175.0,4175.0,0.0,4152.08
2017-08-18 18:46:00+00:00,4175.0,4175.0,4175.0,4175.0,0.0,4151.0
2017-08-18 18:47:00+00:00,4175.0,4175.0,4175.0,4175.0,0.0,4151.0
2017-08-18 18:48:00+00:00,4175.0,4175.0,4175.0,4175.0,0.0,4135.0
2017-08-18 18:49:00+00:00,4160.0,4160.0,4158.55,4158.55,0.314011,4135.0
2017-08-18 18:50:00+00:00,4152.08,4152.08,4152.08,4152.08,0.048,4135.0
2017-08-18 18:51:00+00:00,4152.0,4152.0,4151.0,4151.0,0.073226,4127.92
2017-08-18 18:52:00+00:00,4151.0,4151.0,4151.0,4151.0,0.0,4131.34
2017-08-18 18:53:00+00:00,4135.0,4135.0,4135.0,4135.0,0.027,4131.34
2017-08-18 18:54:00+00:00,4135.0,4135.0,4135.0,4135.0,0.102,4117.41
2017-08-18 18:55:00+00:00,4135.0,4135.0,4135.0,4135.0,0.0,4091.31
2017-08-18 18:56:00+00:00,4127.92,4127.92,4127.92,4127.92,0.106,4091.3
2017-08-18 18:57:00+00:00,4127.92,4151.0,4127.92,4131.34,1.186182,4085.0
2017-08-18 18:58:00+00:00,4118.09,4131.34,4118.09,4131.34,0.741886,4078.0
2017-08-18 18:59:00+00:00,4124.71,4124.71,4117.41,4117.41,1.91,4078.0
2017-08-18 19:00:00+00:00,4086.28,4131.0,4086.28,4091.31,4.72818,4078.0
2017-08-18 19:01:00+00:00,4091.31,4091.31,4091.3,4091.3,0.44,4075.0
2017-08-18 19:02:00+00:00,4091.3,4091.3,4055.15,4085.0,2.552757,4060.51
2017-08-18 19:03:00+00:00,4053.61,4078.0,4032.59,4078.0,6.578885,4020.51
2017-08-18 19:04:00+00:00,4078.0,4078.0,4078.0,4078.0,0.0,4020.51
2017-08-18 19:05:00+00:00,4078.0,4078.0,4078.0,4078.0,0.006072,4020.51
2017-08-18 19:06:00+00:00,4075.0,4075.0,4075.0,4075.0,0.252756,4061.29
2017-08-18 19:07:00+00:00,4060.51,4060.51,4060.51,4060.51,0.342,4050.0
2017-08-18 19:08:00+00:00,4060.51,4060.51,4020.51,4020.51,1.122851,4047.09
2017-08-18 19:09:00+00:00,4020.51,4020.51,4020.51,4020.51,2.126979,4047.09
2017-08-18 19:10:00+00:00,4020.51,4020.51,4020.51,4020.51,0.0,4047.09
2017-08-18 19:11:00+00:00,4050.0,4061.29,4050.0,4061.29,2.621438,4033.07
2017-08-18 19:12:00+00:00,4050.0,4050.0,4050.0,4050.0,1.049741,4015.7
2017-08-18 19:13:00+00:00,4047.09,4047.09,4047.09,4047.09,0.192218,4015.7
2017-08-18 19:14:00+00:00,4047.09,4047.09,4047.09,4047.09,0.674915,4015.7
2017-08-18 19:15:00+00:00,4047.09,4047.09,4047.09,4047.09,0.0,4015.7
2017-08-18 19:16:00+00:00,4031.39,4033.07,4031.39,4033.07,0.524098,4015.7
2017-08-18 19:17:00+00:00,4015.7,4015.7,4015.7,4015.7,1.37,4015.7
2017-08-18 19:18:00+00:00,4015.7,4015.7,4015.7,4015.7,0.0,4015.7
2017-08-18 19:19:00+00:00,4015.7,4015.7,4015.7,4015.7,0.0,4015.7
2017-08-18 19:20:00+00:00,4015.7,4015.7,4015.7,4015.7,0.0,4078.53
2017-08-18 19:21:00+00:00,4015.7,4015.7,4015.7,4015.7,0.0,4078.53
2017-08-18 19:22:00+00:00,4015.7,4015.7,4015.7,4015.7,0.0,4063.13
2017-08-18 19:23:00+00:00,4015.7,4015.7,4015.7,4015.7,0.0,4078.53
2017-08-18 19:24:00+00:00,4015.7,4015.7,4015.7,4015.7,0.0,4066.21
2017-08-18 19:25:00+00:00,4052.96,4078.53,4052.96,4078.53,0.094048,4066.21
2017-08-18 19:26:00+00:00,4078.53,4078.53,4078.53,4078.53,0.0,4078.53
2017-08-18 19:27:00+00:00,4063.13,4063.13,4063.13,4063.13,0.002679,4078.53
2017-08-18 19:28:00+00:00,4078.53,4078.53,4078.53,4078.53,0.053322,4106.37
2017-08-18 19:29:00+00:00,4066.21,4066.21,4066.21,4066.21,0.009805,4106.36
2017-08-18 19:30:00+00:00,4066.21,4066.21,4066.21,4066.21,0.840851,4106.36
2017-08-18 19:31:00+00:00,4051.67,4078.53,4051.67,4078.53,4.29861,4106.36
2017-08-18 19:32:00+00:00,4075.0,4078.53,4075.0,4078.53,1.622032,4105.36
2017-08-18 19:33:00+00:00,4091.31,4106.37,4091.31,4106.37,0.954813,4105.36
2017-08-18 19:34:00+00:00,4106.37,4106.37,4106.36,4106.36,1.298064,4105.36
2017-08-18 19:35:00+00:00,4106.36,4106.36,4106.36,4106.36,0.0,4117.41
2017-08-18 19:36:00+00:00,4106.36,4106.36,4106.36,4106.36,1.111936,4103.83
2017-08-18 19:37:00+00:00,4105.36,4105.36,4105.36,4105.36,0.371566,4088.89
2017-08-18 19:38:00+00:00,4105.36,4105.36,4105.36,4105.36,0.73204,4089.05
2017-08-18 19:39:00+00:00,4093.28,4105.36,4093.28,4105.36,4.212731,4089.05
2017-08-18 19:40:00+00:00,4105.36,4117.41,4105.36,4117.41,0.917491,4103.83
2017-08-18 19:41:00+00:00,4103.83,4103.83,4103.83,4103.83,0.78458,4053.42
2017-08-18 19:42:00+00:00,4088.89,4103.83,4088.89,4088.89,1.23127,4100.0
2017-08-18 19:43:00+00:00,4085.44,4089.05,4082.0,4089.05,3.510592,4104.0
2017-08-18 19:44:00+00:00,4089.05,4089.05,4089.05,4089.05,0.519666,4106.37
2017-08-18 19:45:00+00:00,4089.05,4103.83,4089.05,4103.83,0.327903,4068.57
2017-08-18 19:46:00+00:00,4082.0,4082.0,4053.16,4053.42,3.20688,4106.37
2017-08-18 19:47:00+00:00,4103.83,4103.83,4066.89,4100.0,0.892054,4120.16
2017-08-18 19:48:00+00:00,4103.83,4104.0,4103.83,4104.0,0.434155,4131.34
2017-08-18 19:49:00+00:00,4103.83,4106.37,4103.83,4106.37,0.423312,4108.82
2017-08-18 19:50:00+00:00,4068.57,4068.57,4068.57,4068.57,1.510001,4096.88
2017-08-18 19:51:00+00:00,4104.0,4106.37,4104.0,4106.37,0.301403,4136.48
2017-08-18 19:52:00+00:00,4120.16,4120.16,4120.16,4120.16,0.677059,4136.48
2017-08-18 19:53:00+00:00,4131.34,4131.34,4131.34,4131.34,0.184,4136.48
2017-08-18 19:54:00+00:00,4108.82,4108.82,4108.82,4108.82,0.399,4136.28
2017-08-18 19:55:00+00:00,4131.34,4136.48,4086.31,4096.88,3.205584,4135.0
2017-08-18 19:56:00+00:00,4074.28,4136.48,4074.28,4136.48,1.607776,4117.0
2017-08-18 19:57:00+00:00,4101.95,4136.48,4101.95,4136.48,0.221913,4062.18
2017-08-18 19:58:00+00:00,4136.48,4136.48,4136.48,4136.48,0.0,4044.25
2017-08-18 19:59:00+00:00,4136.28,4136.28,4136.28,4136.28,0.058,4100.0
2017-08-18 20:00:00+00:00,4135.0,4135.0,4135.0,4135.0,0.024902,4100.0
2017-08-18 20:01:00+00:00,4118.47,4118.47,4117.0,4117.0,0.037445,4109.47
2017-08-18 20:02:00+00:00,4101.95,4101.95,4062.18,4062.18,1.34758,4095.59
2017-08-18 20:03:00+00:00,4086.49,4110.81,4044.25,4044.25,1.119863,4095.59
2017-08-18 20:04:00+00:00,4100.0,4100.0,4100.0,4100.0,0.009831,4082.15
2017-08-18 20:05:00+00:00,4072.12,4100.0,4072.12,4100.0,0.831628,4066.21
2017-08-18 20:06:00+00:00,4076.86,4109.47,4076.86,4109.47,0.1265,4034.23
2017-08-18 20:07:00+00:00,4109.47,4109.47,4095.59,4095.59,0.495073,4034.23
2017-08-18 20:08:00+00:00,4095.59,4095.59,4095.59,4095.59,0.0,4034.23
2017-08-18 20:09:00+00:00,4082.15,4082.15,4082.15,4082.15,0.025836,4082.15
2017-08-18 20:10:00+00:00,4066.21,4066.21,4066.21,4066.21,0.033819,4082.15
2017-08-18 20:11:00+00:00,4034.23,4034.23,4034.23,4034.23,0.321,4082.15
2017-08-18 20:12:00+00:00,4034.23,4034.23,4034.23,4034.23,0.0,4082.15
2017-08-18 20:13:00+00:00,4034.23,4034.23,4034.23,4034.23,0.0,4082.15
2017-08-18 20:14:00+00:00,4082.15,4082.15,4082.15,4082.15,0.019712,4082.15
2017-08-18 20:15:00+00:00,4082.15,4082.15,4082.15,4082.15,0.033179,4082.15
2017-08-18 20:16:00+00:00,4082.15,4082.15,4082.15,4082.15,0.0,4082.15
2017-08-18 20:17:00+00:00,4082.15,4082.15,4082.15,4082.15,0.0,4082.15
2017-08-18 20:18:00+00:00,4082.15,4082.15,4082.15,4082.15,0.004135,4082.15
2017-08-18 20:19:00+00:00,4082.15,4082.15,4082.15,4082.15,0.007896,4082.15
2017-08-18 20:20:00+00:00,4082.15,4082.15,4082.15,4082.15,0.0,4061.19
2017-08-18 20:21:00+00:00,4082.15,4082.15,4082.15,4082.15,0.0,4061.19
2017-08-18 20:22:00+00:00,4082.15,4082.15,4082.15,4082.15,0.0,4061.18
2017-08-18 20:23:00+00:00,4082.15,4082.15,4082.15,4082.15,0.0,4061.18
2017-08-18 20:24:00+00:00,4082.15,4082.15,4082.15,4082.15,0.0,4010.9
2017-08-18 20:25:00+00:00,4046.51,4061.19,4046.51,4061.19,0.663165,4043.92
2017-08-18 20:26:00+00:00,4061.19,4061.19,4061.19,4061.19,0.91694,4043.92
2017-08-18 20:27:00+00:00,4061.19,4061.19,4061.18,4061.18,1.162627,4031.07
2017-08-18 20:28:00+00:00,4061.18,4061.18,4061.18,4061.18,0.0,4014.84
2017-08-18 20:29:00+00:00,4028.35,4028.35,4010.9,4010.9,1.856579,3999.0
2017-08-18 20:30:00+00:00,4043.92,4043.92,4043.92,4043.92,0.068209,3999.0
2017-08-18 20:31:00+00:00,4043.92,4043.92,4043.92,4043.92,0.0,3999.0
2017-08-18 20:32:00+00:00,4014.84,4031.07,4014.84,4031.07,0.50626,3999.0
2017-08-18 20:33:00+00:00,4014.84,4061.0,4014.84,4014.84,1.525005,4047.0
2017-08-18 20:34:00+00:00,3999.0,3999.0,3999.0,3999.0,0.972732,4047.0
2017-08-18 20:35:00+00:00,3999.0,3999.0,3999.0,3999.0,0.12563,4047.0
2017-08-18 20:36:00+00:00,3999.0,3999.0,3999.0,3999.0,0.243887,3981.13
2017-08-18 20:37:00+00:00,3999.0,3999.0,3999.0,3999.0,0.125524,4026.83
2017-08-18 20:38:00+00:00,4048.12,4048.12,4047.0,4047.0,0.178904,4026.82
2017-08-18 20:39:00+00:00,4047.0,4047.0,4047.0,4047.0,0.297617,4026.82
2017-08-18 20:40:00+00:00,4047.0,4047.0,4047.0,4047.0,0.0,4026.82
2017-08-18 20:41:00+00:00,4021.98,4026.83,3981.13,3981.13,3.662435,4026.82
2017-08-18 20:42:00+00:00,4003.98,4026.83,4003.98,4026.83,0.515409,4026.82
2017-08-18 20:43:00+00:00,4026.83,4026.83,4026.82,4026.82,0.333,4026.82
2017-08-18 20:44:00+00:00,4026.82,4026.82,4026.82,4026.82,0.388643,4015.4
2017-08-18 20:45:00+00:00,4015.4,4026.82,4015.4,4026.82,0.616312,4026.82
2017-08-18 20:46:00+00:00,4026.82,4026.82,4026.82,4026.82,0.07461,4021.11
2017-08-18 20:47:00+00:00,4026.82,4026.82,4026.82,4026.82,0.0,4021.11
2017-08-18 20:48:00+00:00,4026.82,4026.82,4026.82,4026.82,0.0,4026.81
2017-08-18 20:49:00+00:00,4015.4,4015.4,4015.4,4015.4,0.204,4021.11
2017-08-18 20:50:00+00:00,4026.82,4026.82,4026.82,4026.82,0.103348,4021.11
2017-08-18 20:51:00+00:00,4021.11,4021.11,4021.11,4021.11,0.364012,4021.11
2017-08-18 20:52:00+00:00,4021.11,4021.11,4021.11,4021.11,0.128782,4021.11
2017-08-18 20:53:00+00:00,4021.11,4026.81,4021.11,4026.81,0.213206,4021.11
2017-08-18 20:54:00+00:00,4021.11,4021.11,4021.11,4021.11,0.086912,4021.11
2017-08-18 20:55:00+00:00,4026.81,4026.81,4021.11,4021.11,0.102003,3972.19
2017-08-18 20:56:00+00:00,4021.11,4021.11,4021.11,4021.11,0.0,3972.19
2017-08-18 20:57:00+00:00,4021.11,4021.11,4021.11,4021.11,0.0,3972.19
2017-08-18 20:58:00+00:00,4021.11,4021.11,4021.11,4021.11,0.076105,3956.3
2017-08-18 20:59:00+00:00,4021.11,4021.11,4021.11,4021.11,0.017782,3956.3
2017-08-18 21:00:00+00:00,4015.4,4015.4,3972.19,3972.19,1.289799,3956.3
2017-08-18 21:01:00+00:00,3972.19,3972.19,3972.19,3972.19,0.255928,3956.3
2017-08-18 21:02:00+00:00,3972.19,3972.19,3972.19,3972.19,0.0,3956.3
2017-08-18 21:03:00+00:00,3956.3,3985.89,3956.3,3956.3,1.305636,3956.3
2017-08-18 21:04:00+00:00,3956.3,3956.3,3956.3,3956.3,0.0,3985.89
2017-08-18 21:05:00+00:00,3956.3,3956.3,3956.3,3956.3,0.0,3985.89
2017-08-18 21:06:00+00:00,3956.3,3956.3,3956.3,3956.3,0.0,3985.89
2017-08-18 21:07:00+00:00,3956.3,3956.3,3956.3,3956.3,0.0,3985.89
2017-08-18 21:08:00+00:00,3956.3,3956.3,3956.3,3956.3,0.549,3985.89
2017-08-18 21:09:00+00:00,3949.36,3985.89,3949.36,3985.89,1.100738,3985.89
2017-08-18 21:10:00+00:00,3985.89,3985.89,3985.89,3985.89,0.015266,3985.89
2017-08-18 21:11:00+00:00,3985.89,3985.89,3985.89,3985.89,0.0,3985.88
2017-08-18 21:12:00+00:00,3985.89,3985.89,3985.89,3985.89,0.0,3985.0
2017-08-18 21:13:00+00:00,3985.89,3985.89,3985.89,3985.89,0.0,3971.09
2017-08-18 21:14:00+00:00,3971.09,3985.89,3971.09,3985.89,0.098,3985.88
2017-08-18 21:15:00+00:00,3985.89,3985.89,3985.89,3985.89,0.0,3985.88
2017-08-18 21:16:00+00:00,3971.09,3985.88,3971.09,3985.88,0.425534,3985.88
2017-08-18 21:17:00+00:00,3985.0,3985.0,3985.0,3985.0,0.122269,4006.33
2017-08-18 21:18:00+00:00,3971.09,3971.09,3971.09,3971.09,0.274635,4006.33
2017-08-18 21:19:00+00:00,3985.88,3985.88,3985.88,3985.88,0.133866,4006.33
2017-08-18 21:20:00+00:00,3985.88,3985.88,3985.88,3985.88,0.0,4000.95
2017-08-18 21:21:00+00:00,3985.88,3985.88,3985.88,3985.88,0.0,3995.93
2017-08-18 21:22:00+00:00,3985.89,4006.33,3985.89,4006.33,0.504761,3995.93
2017-08-18 21:23:00+00:00,4006.33,4006.33,4006.33,4006.33,0.111973,3982.87
2017-08-18 21:24:00+00:00,4006.33,4006.33,4006.33,4006.33,0.0,3982.87
2017-08-18 21:25:00+00:00,4000.95,4000.95,4000.95,4000.95,0.433873,3982.87
2017-08-18 21:26:00+00:00,3985.89,3995.93,3985.89,3995.93,0.026969,3982.87
2017-08-18 21:27:00+00:00,3995.93,3995.93,3995.93,3995.93,0.010669,3982.87
2017-08-18 21:28:00+00:00,3982.87,3982.87,3982.87,3982.87,0.051,3982.87
2017-08-18 21:29:00+00:00,3982.87,3982.87,3980.0,3982.87,0.425899,3981.43
2017-08-18 21:30:00+00:00,3982.87,3982.87,3982.87,3982.87,0.071,3980.0
2017-08-18 21:31:00+00:00,3982.87,3982.87,3982.87,3982.87,0.0,3980.0
2017-08-18 21:32:00+00:00,3982.87,3982.87,3982.87,3982.87,0.002209,3980.0
2017-08-18 21:33:00+00:00,3982.87,3982.87,3982.87,3982.87,0.0,3980.0
2017-08-18 21:34:00+00:00,3981.43,3981.43,3981.43,3981.43,0.066,3960.0
2017-08-18 21:35:00+00:00,3980.0,3980.0,3980.0,3980.0,0.000101,3960.0
2017-08-18 21:36:00+00:00,3980.0,3980.0,3980.0,3980.0,0.06,3960.0
2017-08-18 21:37:00+00:00,3980.0,3980.0,3980.0,3980.0,0.0,3976.0
2017-08-18 21:38:00+00:00,3980.0,3980.0,3980.0,3980.0,0.0,3976.0
2017-08-18 21:39:00+00:00,3960.0,3960.0,3960.0,3960.0,0.085,3976.0
2017-08-18 21:40:00+00:00,3956.3,3960.0,3938.77,3960.0,1.427181,3976.0
2017-08-18 21:41:00+00:00,3960.0,3960.0,3960.0,3960.0,0.0,3976.0
2017-08-18 21:42:00+00:00,3957.38,3976.0,3957.38,3976.0,0.143132,3976.0
2017-08-18 21:43:00+00:00,3976.0,3976.0,3976.0,3976.0,0.048174,3976.0
2017-08-18 21:44:00+00:00,3976.0,3976.0,3976.0,3976.0,0.0,3966.69
2017-08-18 21:45:00+00:00,3976.0,3976.0,3976.0,3976.0,0.0,3966.69
2017-08-18 21:46:00+00:00,3976.0,3976.0,3976.0,3976.0,0.0,3976.0
2017-08-18 21:47:00+00:00,3976.0,3976.0,3976.0,3976.0,0.0,3966.69
2017-08-18 21:48:00+00:00,3976.0,3976.0,3976.0,3976.0,0.0,3976.0
2017-08-18 21:49:00+00:00,3966.69,3966.69,3966.69,3966.69,0.015948,3975.69
2017-08-18 21:50:00+00:00,3966.69,3966.69,3966.69,3966.69,0.0,3975.69
2017-08-18 21:51:00+00:00,3976.0,3976.0,3976.0,3976.0,0.988,3975.69
2017-08-18 21:52:00+00:00,3976.0,3976.0,3966.69,3966.69,0.222,3975.69
2017-08-18 21:53:00+00:00,3976.0,3976.0,3976.0,3976.0,0.07,3972.33
2017-08-18 21:54:00+00:00,3975.69,3975.69,3975.69,3975.69,0.243787,3975.69
2017-08-18 21:55:00+00:00,3975.69,3975.69,3975.69,3975.69,0.110001,3975.69
2017-08-18 21:56:00+00:00,3975.69,3975.69,3975.69,3975.69,0.102907,3938.77
2017-08-18 21:57:00+00:00,3975.69,3975.69,3975.69,3975.69,0.0,3996.92
2017-08-18 21:58:00+00:00,3975.69,3975.69,3972.33,3972.33,1.130461,3996.92
2017-08-18 21:59:00+00:00,3975.69,3980.0,3972.33,3975.69,2.816915,3996.92
2017-08-18 22:00:00+00:00,3975.69,3975.69,3975.69,3975.69,0.0,3996.92
2017-08-18 22:01:00+00:00,3996.92,3996.92,3938.77,3938.77,2.06571,3996.92
2017-08-18 22:02:00+00:00,3996.92,3996.92,3996.92,3996.92,0.640339,3996.92
2017-08-18 22:03:00+00:00,3996.92,3996.92,3996.92,3996.92,1.169921,3996.92
2017-08-18 22:04:00+00:00,3996.92,3996.92,3996.92,3996.92,0.68422,4000.95
2017-08-18 22:05:00+00:00,3996.92,3996.92,3996.92,3996.92,0.547091,4000.95
2017-08-18 22:06:00+00:00,3996.92,3996.92,3996.92,3996.92,0.462922,4000.95
2017-08-18 22:07:00+00:00,3996.92,3996.92,3996.92,3996.92,0.962538,4000.95
2017-08-18 22:08:00+00:00,3996.92,3996.92,3996.92,3996.92,0.0,4000.95
2017-08-18 22:09:00+00:00,3996.92,4000.95,3996.92,4000.95,0.680178,4061.18
2017-08-18 22:10:00+00:00,4000.95,4000.95,4000.95,4000.95,0.329,4061.18
2017-08-18 22:11:00+00:00,4000.95,4000.95,4000.95,4000.95,1.104177,4061.0
2017-08-18 22:12:00+00:00,4000.95,4000.95,4000.95,4000.95,0.686323,4061.0
2017-08-18 22:13:00+00:00,4000.95,4000.95,4000.95,4000.95,0.183125,4061.0
2017-08-18 22:14:00+00:00,4000.95,4061.18,4000.95,4061.18,0.468976,4061.0
2017-08-18 22:15:00+00:00,4061.18,4061.18,4061.18,4061.18,0.0,4061.0
2017-08-18 22:16:00+00:00,4061.0,4061.0,4061.0,4061.0,0.577824,4061.0
2017-08-18 22:17:00+00:00,4061.0,4061.0,4061.0,4061.0,0.278254,4061.0
2017-08-18 22:18:00+00:00,4061.0,4061.0,4061.0,4061.0,0.0,4061.0
2017-08-18 22:19:00+00:00,4061.0,4061.0,4061.0,4061.0,0.179045,4061.0
2017-08-18 22:20:00+00:00,4061.0,4061.0,4061.0,4061.0,0.042612,4061.0
2017-08-18 22:21:00+00:00,4061.0,4061.0,4061.0,4061.0,3.99,4061.0
2017-08-18 22:22:00+00:00,4030.44,4061.0,4030.44,4061.0,0.859857,4061.0
2017-08-18 22:23:00+00:00,4061.0,4061.0,4061.0,4061.0,0.500984,4094.0
2017-08-18 22:24:00+00:00,4030.44,4061.0,4030.44,4061.0,0.877,4094.0
2017-08-18 22:25:00+00:00,4061.0,4061.0,4061.0,4061.0,1.205907,4062.21
2017-08-18 22:26:00+00:00,4030.44,4061.0,4030.44,4061.0,1.573854,4131.83
2017-08-18 22:27:00+00:00,4061.0,4061.0,4061.0,4061.0,2.759,4111.39
2017-08-18 22:28:00+00:00,4061.18,4094.0,4061.0,4094.0,1.48171,4111.39
2017-08-18 22:29:00+00:00,4082.15,4094.0,4061.19,4094.0,0.292958,4101.35
2017-08-18 22:30:00+00:00,4062.21,4062.21,4062.21,4062.21,0.062,4101.35
2017-08-18 22:31:00+00:00,4094.0,4131.83,4094.0,4131.83,1.413196,4101.35
2017-08-18 22:32:00+00:00,4111.39,4111.39,4111.39,4111.39,0.0419,4101.35
2017-08-18 22:33:00+00:00,4111.39,4111.39,4111.39,4111.39,0.0,4088.41
2017-08-18 22:34:00+00:00,4101.35,4101.35,4101.35,4101.35,0.023683,4088.41
2017-08-18 22:35:00+00:00,4101.35,4101.35,4101.35,4101.35,0.0,4088.41
2017-08-18 22:36:00+00:00,4101.35,4101.35,4101.35,4101.35,0.0,4088.41
2017-08-18 22:37:00+00:00,4101.35,4101.35,4101.35,4101.35,0.0,4088.41
2017-08-18 22:38:00+00:00,4088.41,4088.41,4088.41,4088.41,0.008593,4088.41
2017-08-18 22:39:00+00:00,4088.41,4088.41,4088.41,4088.41,0.000635,4088.41
2017-08-18 22:40:00+00:00,4088.41,4088.41,4088.41,4088.41,0.0,4088.41
2017-08-18 22:41:00+00:00,4088.41,4088.41,4088.41,4088.41,0.0,4088.41
2017-08-18 22:42:00+00:00,4088.41,4088.41,4088.41,4088.41,0.0,4084.28
2017-08-18 22:43:00+00:00,4088.41,4088.41,4088.41,4088.41,0.0,4101.35
2017-08-18 22:44:00+00:00,4088.41,4088.41,4088.41,4088.41,0.0,4101.35
2017-08-18 22:45:00+00:00,4088.41,4088.41,4088.41,4088.41,0.005912,4101.35
2017-08-18 22:46:00+00:00,4088.41,4088.41,4088.41,4088.41,0.0,4101.35
2017-08-18 22:47:00+00:00,4088.41,4088.41,4084.28,4084.28,1.296,4101.35
2017-08-18 22:48:00+00:00,4064.76,4101.35,4064.76,4101.35,1.903275,4101.35
2017-08-18 22:49:00+00:00,4101.35,4101.35,4101.35,4101.35,0.017489,4101.35
2017-08-18 22:50:00+00:00,4101.35,4101.35,4101.35,4101.35,0.026073,4101.35
2017-08-18 22:51:00+00:00,4101.35,4101.35,4101.35,4101.35,0.0,4101.35
2017-08-18 22:52:00+00:00,4101.35,4101.35,4101.35,4101.35,0.0,4101.35
2017-08-18 22:53:00+00:00,4101.35,4101.35,4101.35,4101.35,0.0,4101.35
2017-08-18 22:54:00+00:00,4101.35,4101.35,4101.35,4101.35,0.0,4113.75
2017-08-18 22:55:00+00:00,4101.35,4101.35,4101.35,4101.35,0.0,4113.75
2017-08-18 22:56:00+00:00,4101.35,4101.35,4101.35,4101.35,0.0,4101.4
2017-08-18 22:57:00+00:00,4101.35,4101.35,4101.35,4101.35,0.0,4101.4
2017-08-18 22:58:00+00:00,4101.35,4101.35,4101.35,4101.35,0.0,4101.4
2017-08-18 22:59:00+00:00,4099.01,4113.75,4099.01,4113.75,0.503924,4101.4
2017-08-18 23:00:00+00:00,4113.75,4113.75,4113.75,4113.75,0.0,4101.4
2017-08-18 23:01:00+00:00,4106.35,4106.35,4101.4,4101.4,0.098087,4099.01
2017-08-18 23:02:00+00:00,4101.4,4101.4,4101.4,4101.4,0.214144,4099.01
2017-08-18 23:03:00+00:00,4101.4,4101.4,4101.4,4101.4,0.007487,4099.01
2017-08-18 23:04:00+00:00,4101.4,4101.4,4101.4,4101.4,0.014287,4099.01
2017-08-18 23:05:00+00:00,4101.4,4101.4,4101.4,4101.4,0.0,4087.5
2017-08-18 23:06:00+00:00,4099.01,4099.01,4099.01,4099.01,0.122,4087.5
2017-08-18 23:07:00+00:00,4099.01,4099.01,4099.01,4099.01,0.0,4087.5
2017-08-18 23:08:00+00:00,4099.01,4099.01,4099.01,4099.01,0.0,4101.4
2017-08-18 23:09:00+00:00,4087.59,4099.01,4087.59,4099.01,1.025536,4101.4
2017-08-18 23:10:00+00:00,4087.5,4087.5,4087.5,4087.5,0.217,4113.75
2017-08-18 23:11:00+00:00,4085.88,4087.5,4085.88,4087.5,0.28976,4113.75
2017-08-18 23:12:00+00:00,4087.5,4087.5,4087.5,4087.5,0.11882,4129.46
2017-08-18 23:13:00+00:00,4101.4,4101.4,4101.4,4101.4,0.501,4129.46
2017-08-18 23:14:00+00:00,4101.4,4101.4,4101.4,4101.4,0.102306,4131.83
2017-08-18 23:15:00+00:00,4099.01,4113.75,4099.01,4113.75,4.661696,4131.83
2017-08-18 23:16:00+00:00,4113.75,4113.75,4113.75,4113.75,0.349119,4131.83
2017-08-18 23:17:00+00:00,4113.75,4129.46,4113.75,4129.46,0.533211,4135.47
2017-08-18 23:18:00+00:00,4129.46,4129.46,4129.46,4129.46,0.637175,4135.47
2017-08-18 23:19:00+00:00,4129.46,4131.83,4129.46,4131.83,1.797974,4135.47
2017-08-18 23:20:00+00:00,4131.83,4131.83,4131.83,4131.83,0.0,4118.41
2017-08-18 23:21:00+00:00,4131.83,4131.83,4131.83,4131.83,2.23102,4118.41
2017-08-18 23:22:00+00:00,4136.48,4136.48,4135.47,4135.47,1.193796,4119.42
2017-08-18 23:23:00+00:00,4135.47,4135.47,4135.47,4135.47,0.064341,4119.42
2017-08-18 23:24:00+00:00,4135.47,4135.47,4135.47,4135.47,0.251125,4119.42
2017-08-18 23:25:00+00:00,4118.41,4118.41,4118.41,4118.41,0.245484,4119.42
2017-08-18 23:26:00+00:00,4104.96,4118.41,4104.96,4118.41,3.364965,4120.42
2017-08-18 23:27:00+00:00,4118.41,4119.42,4118.41,4119.42,1.197563,4119.42
2017-08-18 23:28:00+00:00,4119.42,4119.42,4119.42,4119.42,0.434087,4119.42
2017-08-18 23:29:00+00:00,4119.42,4119.42,4119.42,4119.42,1.228568,4120.42
2017-08-18 23:30:00+00:00,4119.42,4119.42,4119.42,4119.42,1.27227,4120.42
2017-08-18 23:31:00+00:00,4119.42,4120.42,4119.42,4120.42,0.771552,4120.42
2017-08-18 23:32:00+00:00,4120.42,4120.42,4119.42,4119.42,0.815632,4120.42
2017-08-18 23:33:00+00:00,4119.42,4119.42,4119.42,4119.42,0.0,4120.42
2017-08-18 23:34:00+00:00,4120.42,4120.42,4120.42,4120.42,0.527067,4120.42
2017-08-18 23:35:00+00:00,4120.42,4120.42,4120.42,4120.42,0.334743,4120.42
2017-08-18 23:36:00+00:00,4120.42,4120.42,4120.42,4120.42,0.169323,4120.42
2017-08-18 23:37:00+00:00,4120.42,4120.42,4120.42,4120.42,0.0,4103.0
2017-08-18 23:38:00+00:00,4120.42,4120.42,4120.42,4120.42,0.178866,4103.0
2017-08-18 23:39:00+00:00,4120.42,4120.42,4120.42,4120.42,0.127612,4120.42
2017-08-18 23:40:00+00:00,4120.42,4120.42,4120.42,4120.42,0.171216,4116.48
2017-08-18 23:41:00+00:00,4120.42,4120.42,4120.42,4120.42,0.08927,4116.48
2017-08-18 23:42:00+00:00,4103.0,4103.0,4103.0,4103.0,0.093375,4116.48
2017-08-18 23:43:00+00:00,4097.26,4103.0,4097.26,4103.0,3.892715,4116.48
2017-08-18 23:44:00+00:00,4103.0,4120.42,4103.0,4120.42,0.412534,4115.48
2017-08-18 23:45:00+00:00,4120.42,4120.42,4116.48,4116.48,0.66001,4091.53
2017-08-18 23:46:00+00:00,4116.48,4116.48,4116.48,4116.48,0.656053,4115.48
2017-08-18 23:47:00+00:00,4116.48,4116.48,4116.48,4116.48,0.0,4115.0
2017-08-18 23:48:00+00:00,4116.48,4116.48,4116.48,4116.48,0.30666,4115.0
2017-08-18 23:49:00+00:00,4116.48,4116.48,4115.48,4115.48,0.41609,4115.0
2017-08-18 23:50:00+00:00,4115.48,4115.48,4091.53,4091.53,2.814571,4115.0
2017-08-18 23:51:00+00:00,4115.48,4115.48,4115.48,4115.48,0.894765,4115.0
2017-08-18 23:52:00+00:00,4103.5,4115.48,4103.5,4115.0,3.889089,4115.4
2017-08-18 23:53:00+00:00,4115.0,4115.0,4115.0,4115.0,0.360439,4115.4
2017-08-18 23:54:00+00:00,4115.0,4115.4,4115.0,4115.0,1.473324,4108.37
2017-08-18 23:55:00+00:00,4115.0,4115.0,4115.0,4115.0,1.003023,4108.37
